Project,TotalMocks,L0_Count,L0_Ratio,L1_Count,L1_Ratio,L2_Count,L2_Ratio
CloudStack,10141,6545,0.6454,1580,0.1558,2016,0.1988
Geode,6750,4731,0.7009,1259,0.1865,760,0.1126
Hadoop,4681,4272,0.9126,300,0.0641,109,0.0233
Ranger,4138,3191,0.7711,445,0.1075,502,0.1213
NiFi,2456,1492,0.6075,520,0.2117,444,0.1808
Pulsar,2144,1764,0.8228,309,0.1441,71,0.0331
Beam,1859,1217,0.6547,349,0.1877,293,0.1576
Ozone,1458,1116,0.7654,219,0.1502,123,0.0844
Fineract,1421,813,0.5721,425,0.2991,183,0.1288
Pinot,1375,1142,0.8305,147,0.1069,86,0.0625
Qpid,1315,1021,0.7764,213,0.162,81,0.0616
Kylin,1293,488,0.3774,617,0.4772,188,0.1454
CXF,1265,1025,0.8103,161,0.1273,79,0.0625
Camel,1224,554,0.4526,437,0.357,233,0.1904
Hop,1164,876,0.7526,194,0.1667,94,0.0808
Tez,1045,962,0.9206,63,0.0603,20,0.0191
Hive,913,688,0.7536,148,0.1621,77,0.0843
HBase,872,725,0.8314,107,0.1227,40,0.0459
JAMES,784,488,0.6224,152,0.1939,144,0.1837
Gobblin,761,652,0.8568,65,0.0854,44,0.0578
Dubbo,760,541,0.7118,127,0.1671,92,0.1211
Ambari,741,624,0.8421,83,0.112,34,0.0459
Hudi,701,450,0.6419,153,0.2183,98,0.1398
Druid,633,407,0.643,149,0.2354,77,0.1216
Flink,579,570,0.9845,7,0.0121,2,0.0035
BookKeeper,536,404,0.7537,97,0.181,35,0.0653
Iceberg,491,450,0.9165,23,0.0468,18,0.0367
Lingo,478,471,0.9854,7,0.0146,0,0.0
IoTDB,354,294,0.8305,43,0.1215,17,0.048
Solr,322,197,0.6118,100,0.3106,25,0.0776
FOP,311,274,0.881,31,0.0997,6,0.0193
Storm,309,202,0.6537,83,0.2686,24,0.0777
Phoenix,286,222,0.7762,39,0.1364,25,0.0874
Commons-Configuration,267,251,0.9401,11,0.0412,5,0.0187
Aries,263,254,0.9658,3,0.0114,6,0.0228
HttpComponents-Client,263,136,0.5171,54,0.2053,73,0.2776
Cassandra,234,202,0.8632,20,0.0855,12,0.0513
Helix,228,167,0.7325,23,0.1009,38,0.1667
Cayenne,202,181,0.896,18,0.0891,3,0.0149
HttpComponents-Core,194,153,0.7887,26,0.134,15,0.0773
SkyWalking,179,98,0.5475,68,0.3799,13,0.0726
Drill,176,153,0.8693,14,0.0795,9,0.0511
Doris,172,132,0.7674,24,0.1395,16,0.093
Oozie,168,103,0.6131,28,0.1667,37,0.2202
Maven,156,122,0.7821,24,0.1538,10,0.0641
Vysper,154,41,0.2662,93,0.6039,20,0.1299
Log4j,151,86,0.5695,49,0.3245,16,0.106
SeaTunnel,151,116,0.7682,23,0.1523,12,0.0795
Zeppelin,145,102,0.7034,33,0.2276,10,0.069
Lens,123,116,0.9431,4,0.0325,3,0.0244
Syncope,113,60,0.531,13,0.115,40,0.354
ZooKeeper,112,98,0.875,7,0.0625,7,0.0625
Sqoop,104,58,0.5577,30,0.2885,16,0.1538
Causeway,103,16,0.1553,72,0.699,15,0.1456
Continuum,103,29,0.2816,21,0.2039,53,0.5146
Shiro,97,83,0.8557,9,0.0928,5,0.0515
InLong,87,50,0.5747,28,0.3218,9,0.1034
Wicket,87,71,0.8161,8,0.092,8,0.092
Flume,81,52,0.642,18,0.2222,11,0.1358
EventMesh,77,24,0.3117,37,0.4805,16,0.2078
ManifoldCF,76,67,0.8816,2,0.0263,7,0.0921
Falcon,75,23,0.3067,43,0.5733,9,0.12
Ignite,75,68,0.9067,4,0.0533,3,0.04
Spark,75,61,0.8133,12,0.16,2,0.0267
Commons-IO,73,71,0.9726,2,0.0274,0,0.0
Crunch,71,47,0.662,9,0.1268,15,0.2113
Linkis,71,42,0.5915,11,0.1549,18,0.2535
Archiva,66,21,0.3182,30,0.4545,15,0.2273
MINA,66,51,0.7727,11,0.1667,4,0.0606
Commons-DbUtils,62,40,0.6452,14,0.2258,8,0.129
Whirr,60,60,1.0,0,0.0,0,0.0
JSPWiki,58,48,0.8276,6,0.1034,4,0.069
Giraph,56,48,0.8571,6,0.1071,2,0.0357
Turbine,55,33,0.6,22,0.4,0,0.0
SSHD,53,47,0.8868,6,0.1132,0,0.0
Parquet,52,52,1.0,0,0.0,0,0.0
ActiveMQ,51,23,0.451,10,0.1961,18,0.3529
PLC4X,49,30,0.6122,12,0.2449,7,0.1429
Struts,42,29,0.6905,10,0.2381,3,0.0714
OFBiz,35,25,0.7143,3,0.0857,7,0.2
MyFaces,33,23,0.697,9,0.2727,1,0.0303
Jackrabbit,28,26,0.9286,1,0.0357,1,0.0357
Tika,28,21,0.75,7,0.25,0,0.0
Impala,26,26,1.0,0,0.0,0,0.0
OpenMeetings,23,0,0.0,19,0.8261,4,0.1739
Roller,23,6,0.2609,10,0.4348,7,0.3043
ORC,21,18,0.8571,3,0.1429,0,0.0
XML-Graphics-Commons,21,10,0.4762,6,0.2857,5,0.2381
Pig,20,20,1.0,0,0.0,0,0.0
Jena,19,14,0.7368,3,0.1579,2,0.1053
Commons-Compress,17,16,0.9412,0,0.0,1,0.0588
Avro,15,15,1.0,0,0.0,0,0.0
Commons-Text,14,14,1.0,0,0.0,0,0.0
Submarine,14,8,0.5714,0,0.0,6,0.4286
Directory,13,13,1.0,0,0.0,0,0.0
REEF,13,6,0.4615,7,0.5385,0,0.0
Rat,12,12,1.0,0,0.0,0,0.0
TsFile,12,12,1.0,0,0.0,0,0.0
OODT,11,0,0.0,10,0.9091,1,0.0909
Apex,10,7,0.7,3,0.3,0,0.0
POI,10,10,1.0,0,0.0,0,0.0
