project,repository,status,commit,commitDate,seconds,branch,scannedMockInfos,mocks,excludedSpy,excludedNoCreation,helperReturnedMerged,l0,l1,l2,l0WithoutStub,stubStatements,mciCount,mciMocks,mciL0Mocks,mciL1Mocks,mciL2Mocks,mocksReduced,stubsReduced,stubsReducedExact,indexParseFailures,scanSeconds,totalSeconds
Dubbo,https://github.com/apache/dubbo,ok,df9c5e13bc014ef492ec20824f8623a5e092a5b1,2026-09-15T10:34:21+08:00,73.4,3.3,854,784,48,17,5,522,159,103,199,1665,103,341,307,5,29,240,360,223,0,70.22201,73.0561937
JDO,https://github.com/apache/db-jdo.git,ok,57dc82ace95bfd5f8754d0005c3efe0bf3183f10,2026-08-18T20:31:42+02:00,4.7,main,0,0,0,0,0,0,0,0,0,0,0,0,0,0,0,0,0,0,0,4.0640883,4.4758912
.NET Ant Library,https://github.com/apache/ant-antlibs-dotnet.git,ok,4be9ed1aaf3a31cb4862cf4d3c7318fce3bdeafe,2026-06-27T13:58:02+02:00,0.9,master,0,0,0,0,0,0,0,0,0,0,0,0,0,0,0,0,0,0,0,0.5751193,0.6120689
Accumulo,https://github.com/apache/accumulo.git,ok,01bb841eee9ee4c1e2f9d027a3e3d6f6dd24bd28,2026-09-17T15:35:42-04:00,17.6,main,0,0,0,0,0,0,0,0,0,0,0,0,0,0,0,0,0,0,0,14.4726465,17.4283907
ActiveMQ,https://github.com/apache/activemq.git,ok,e851066e73a63ee231f66ea4a35827f5e9791451,2026-09-17T17:44:32+02:00,30.4,main,100,87,2,9,2,28,36,23,9,167,14,36,18,4,14,22,27,18,0,25.377493,30.1986027
Airavata,https://github.com/apache/airavata.git,ok,477df44d9c6a519e8e1704f9fd5f85f16a31420d,2026-09-02T22:10:27-04:00,8.5,master,86,74,12,0,0,0,32,42,0,409,3,6,0,0,6,3,26,12,0,7.9438429,8.2806624
Ambari,https://github.com/apache/ambari.git,ok,fc07b5cb873dc154c48349085494e664baf6b9d1,2026-09-20T09:24:28+08:00,45.2,trunk,1159,1081,42,33,3,821,203,57,240,1672,106,626,618,4,4,521,631,449,0,40.235851,44.8270131
Ant,https://github.com/apache/ant.git,ok,a3a5ba1822847196a83fdc497a034a94e70b4006,2026-09-18T16:53:31+02:00,6.4,master,0,0,0,0,0,0,0,0,0,0,0,0,0,0,0,0,0,0,1,5.2665052,6.2459426
AntUnit,https://github.com/apache/ant-antlibs-antunit.git,ok,8d874626d185676b7fd69a3a1d419455579f5499,2026-08-18T09:03:13+02:00,1.0,master,0,0,0,0,0,0,0,0,0,0,0,0,0,0,0,0,0,0,0,0.6162859,0.7351913
Any23,https://github.com/apache/any23.git,ok,458219e5a396cedcc93b3debf4a6497ce424d167,2022-06-03T13:34:17-07:00,3.7,master,6,6,0,0,0,4,2,0,2,2,0,0,0,0,0,0,0,0,0,3.0987655,3.4391846
Apex,https://github.com/apache/apex-core.git,ok,f09bc61fd09441e6c8c7d8c3aa10def7e74eb160,2021-04-09T15:15:23+01:00,7.6,master,10,6,0,4,0,3,3,0,2,7,1,2,2,0,0,1,0,0,1,6.7676582,7.4149836
Archiva,https://github.com/apache/archiva.git,ok,2beaf864901abb337b263662800b3373326bcfd4,2023-03-20T16:00:55+10:00,32.3,master,71,70,0,1,0,25,26,19,9,309,3,12,12,0,0,9,19,16,0,30.7756039,32.1392396
Aries,https://github.com/apache/aries.git,ok,5a6280a502b7ab7b53c5e4a9dc5ae4028392b4f8,2026-09-21T00:07:32+02:00,18.8,trunk,263,257,6,0,0,230,21,6,78,374,43,168,167,1,0,125,104,72,0,17.4588199,18.6025118
Arrow,https://github.com/apache/arrow.git,ok,f3b46fb7d4b8f5fb3fc459860038f0ed8b02bba5,2026-09-21T12:35:41+02:00,0.8,main,0,0,0,0,0,0,0,0,0,0,0,0,0,0,0,0,0,0,0,0.5083451,0.6159023
Avro,https://github.com/apache/avro.git,ok,209a3735ec330679790824da54b7558db55e4e7f,2026-09-21T14:53:46+02:00,8.7,main,15,15,0,0,0,12,3,0,7,13,4,10,10,0,0,6,5,5,1,7.3591683,8.5400644
Axiom,https://github.com/apache/ws-axiom.git,ok,b65e82bb9cfe899dfcb2b10727f304fdefee1f22,2026-09-16T08:32:46+01:00,6.9,master,9,9,0,0,0,9,0,0,9,0,0,0,0,0,0,0,0,0,0,5.2098792,6.7810565
Axis2,https://github.com/apache/axis-axis2-java-core.git,ok,d3bc95176b757920cde82b562b4a5857ee549419,2026-09-09T05:44:47-10:00,15.7,master,34,31,1,0,2,21,8,2,3,55,5,16,16,0,0,11,14,10,0,12.5631622,15.4719444
Beam,https://github.com/apache/beam.git,ok,d5a7b098c543713d58832d2d9bd88520c1836447,2026-09-21T08:46:21-04:00,529.1,master,2149,1956,103,80,10,1214,443,299,455,3331,243,900,827,15,58,663,704,528,2,517.1837514,528.5160678
Beehive,https://github.com/apache/beehive.git,clone-failed: fatal: repository 'https://github.com/apache/beehive.git/' not found,,,,,,,,,,,,,,,,,,,,,,,,,
Bigtop,https://github.com/apache/bigtop.git,ok,6278aad549157d29d355fc19345749473563ebe2,2026-09-11T20:15:01+09:00,1.5,master,0,0,0,0,0,0,0,0,0,0,0,0,0,0,0,0,0,0,0,1.0573876,1.3032194
BookKeeper,https://github.com/apache/bookkeeper.git,ok,773a988ddf8b888a8869c6ae33f696935eba5cdc,2026-09-16T13:54:13-07:00,54.1,master,644,457,132,54,1,341,90,26,172,532,47,195,179,5,11,148,98,78,0,50.8752006,53.8154333
Brooklyn,https://github.com/apache/brooklyn.git,ok,c0a3ac5162d2997af0e8464bea0adf81dfa2f48d,2025-09-17T21:08:57+01:00,0.2,master,0,0,0,0,0,0,0,0,0,0,0,0,0,0,0,0,0,0,0,0.1112357,0.1203149
BVal,https://github.com/apache/bval.git,ok,612335bb80396dafa4758258c2b531bf860bfabb,2026-09-03T12:11:49+02:00,4.8,,4,1,0,0,3,0,0,1,0,6,0,0,0,0,0,0,0,0,0,3.8916893,4.4813316
Calcite,https://github.com/apache/calcite.git,ok,34db6c8cd895998f38175efc3e3306311fc7d061,2026-09-21T09:04:14+01:00,18.6,main,3,3,0,0,0,0,3,0,0,3,0,0,0,0,0,0,0,0,0,14.3781326,18.4618228
Camel,https://github.com/apache/camel.git,ok,aaef7487c407c6f66f2a4013c224105119a18bc0,2026-09-21T14:47:01+02:00,1218.7,main,1831,1761,41,15,14,886,497,378,171,3223,155,711,639,13,59,584,874,474,9,1189.5546945,1218.0424838
CarbonData,https://github.com/apache/carbondata.git,ok,f86ac085ddbbd8381b0a5b65658731fe618eff4a,2026-08-07T15:03:50+08:00,8.4,master,0,0,0,0,0,0,0,0,0,0,0,0,0,0,0,0,0,0,0,7.4056297,8.2698598
Cassandra,https://github.com/apache/cassandra.git,ok,64a9030b37f1df90e937bb874620db58395512a6,2026-09-21T12:46:34+02:00,48.0,trunk,308,173,31,89,15,100,60,13,24,395,21,52,47,5,0,31,73,64,0,32.2056635,47.8539074
Causeway,https://github.com/apache/causeway.git,ok,351eae721d91366b1c4444131f0fcbf85faa323c,2026-09-21T09:52:44+02:00,74.1,main,388,359,0,20,9,161,172,26,61,433,26,81,77,0,4,55,56,30,0,70.5017799,73.8544971
Cayenne,https://github.com/apache/cayenne.git,ok,33197a4ebb1bac7e75bc569948392ce2b9ded94b,2026-09-20T19:47:46-04:00,35.7,master,257,249,0,8,0,157,86,6,73,334,29,89,89,0,0,60,88,52,0,31.8621439,35.3483369
Chainsaw,https://github.com/apache/chainsaw.git,ok,9b2b6c422c08e89b36371223ef03b184cf4f09c1,2014-11-20T14:26:16Z,2.1,trunk,0,0,0,0,0,0,0,0,0,0,0,0,0,0,0,0,0,0,0,1.6781197,1.7599463
Chemistry,https://github.com/apache/chemistry.git,ok,329cfd613cd63ec2dd47539a706735cdcc47731d,2010-07-29T15:53:12Z,0.3,trunk,0,0,0,0,0,0,0,0,0,0,0,0,0,0,0,0,0,0,0,0.1510761,0.1653882
Chukwa,https://github.com/apache/chukwa.git,ok,38742d250275529d07c1ff4f912a29b73a5985fb,2019-03-31T15:34:41-07:00,3.7,master,0,0,0,0,0,0,0,0,0,0,0,0,0,0,0,0,0,0,0,2.9736389,3.4808404
Clerezza,https://github.com/apache/clerezza.git,ok,a14071609b751843277e8d0dcc0fb52230a98712,2022-05-20T00:51:02+02:00,3.1,master,5,5,0,0,0,4,0,1,4,1,0,0,0,0,0,0,0,0,0,2.5164904,2.7668515
Click,https://github.com/apache/click.git,ok,92cffd5b5991580a97005235319304d08b78d5d7,2015-09-14T15:43:46Z,4.6,,0,0,0,0,0,0,0,0,0,0,0,0,0,0,0,0,0,0,0,4.0538732,4.338664
CloudStack,https://github.com/apache/cloudstack.git,ok,602d9ec3e03e6350b55dd1349118ea2ccb766cca,2026-09-18T07:18:51-03:00,551.6,main,14103,13220,579,271,33,8891,1962,2367,3446,24825,1828,6993,6606,52,335,5208,5832,3910,0,541.319623,550.5640267
Cocoon,https://github.com/apache/cocoon.git,ok,32a4e41183ba74351d85060011151b2d58acfc52,2023-10-29T11:28:19Z,18.0,trunk,0,0,0,0,0,0,0,0,0,0,0,0,0,0,0,0,0,0,0,17.2469539,17.7938429
Commons-BCEL,https://github.com/apache/commons-bcel.git,ok,a18185cca45da142c6e9074f9dce0c3f5f16264a,2026-09-19T11:15:24-04:00,7.8,master,5,4,1,0,0,0,1,3,0,6,0,0,0,0,0,0,0,0,0,7.0372138,7.6312788
Commons-BeanUtils,https://github.com/apache/commons-beanutils.git,ok,b9c9a519643cc549255539360020747562d94dd5,2026-09-19T11:15:26-04:00,2.9,master,0,0,0,0,0,0,0,0,0,0,0,0,0,0,0,0,0,0,0,1.9474383,2.6376131
Commons-BSF,https://github.com/apache/commons-bsf.git,ok,7d81d715a7691d9d01d30956217b40b95ae10294,2026-09-19T11:15:30-04:00,1.3,master,0,0,0,0,0,0,0,0,0,0,0,0,0,0,0,0,0,0,0,0.8537966,0.9498591
Commons-Chain,https://github.com/apache/commons-chain.git,ok,4b9b1ad07e2f71b26ccc31ee00dcb9a55e9eab1b,2025-06-27T11:43:33+01:00,2.2,master,5,5,0,0,0,0,4,1,0,5,0,0,0,0,0,0,0,0,0,1.6131942,1.9066363
Commons-CLI,https://github.com/apache/commons-cli.git,ok,c99cb283fbf631a589cf7c41d5884992d94c7741,2026-09-19T08:48:31-07:00,4.4,,2,0,2,0,0,0,0,0,0,0,0,0,0,0,0,0,0,0,0,3.5134258,4.1362651
Commons-Codec,https://github.com/apache/commons-codec.git,ok,c11a6597405dba4c23319beff1c1a01dd30c6fd4,2026-09-20T18:01:19-04:00,2.7,master,0,0,0,0,0,0,0,0,0,0,0,0,0,0,0,0,0,0,0,1.6936536,2.4328188
Commons-Collections,https://github.com/apache/commons-collections.git,ok,e68a90bcbe558645e71c748a025e62d8036b416c,2026-09-19T11:15:36-04:00,7.9,master,5,5,0,0,0,0,0,5,0,20,1,3,0,0,3,2,5,1,0,6.3510696,7.6919691
Commons-Compress,https://github.com/apache/commons-compress.git,ok,c15e1edf95b88363b0f60516d19896ad81187626,2026-09-20T10:08:08-04:00,14.1,master,18,17,1,0,0,15,1,1,10,11,3,8,8,0,0,5,2,2,0,11.893467,13.8503351
Commons-Configuration,https://github.com/apache/commons-configuration.git,ok,dd7c7da1909a681c3791a2cd6b4d51a1faf5da03,2026-09-20T10:11:16-04:00,15.8,master,285,239,0,9,37,201,29,9,144,135,41,119,119,0,0,78,11,8,0,14.7133652,15.51971
Commons-Crypto,https://github.com/apache/commons-crypto.git,ok,f10995f6fc2a5192ba701024fcb82c84d240a17c,2026-09-19T11:15:41-04:00,1.5,master,0,0,0,0,0,0,0,0,0,0,0,0,0,0,0,0,0,0,0,1.0296413,1.2815817
Commons-CSV,https://github.com/apache/commons-csv.git,ok,417d6a4502a2087befd12207169f8803aa4244de,2026-09-19T11:15:43-04:00,8.0,master,3,3,0,0,0,3,0,0,0,3,0,0,0,0,0,0,0,0,0,6.6998026,7.4938834
Commons-Daemon,https://github.com/apache/commons-daemon.git,ok,2aed48eb7e998de2eba6a8eff17651cdc6678e44,2026-09-19T11:15:45-04:00,1.2,master,0,0,0,0,0,0,0,0,0,0,0,0,0,0,0,0,0,0,0,0.8114514,0.9224597
Commons-DBCP,https://github.com/apache/commons-dbcp.git,ok,4b7d58226ca7f5b66a9cf07a215fc48ba1cd7ac9,2026-09-20T10:13:51-04:00,8.4,master,9,5,4,0,0,0,4,1,0,15,0,0,0,0,0,0,0,0,0,7.3621979,8.2267352
Commons-DbUtils,https://github.com/apache/commons-dbutils.git,ok,21330b75c3fc6f9efb5aac3dd201a57eb94407e7,2026-09-20T10:28:31-04:00,4.7,master,62,58,0,0,4,36,11,11,25,153,9,35,31,0,4,26,12,13,0,4.0322525,4.4205775
Commons-Digester,https://github.com/apache/commons-digester.git,ok,6d23115b5fca87c96105e67cea9cc780024df7de,2026-09-19T11:15:50-04:00,3.5,master,0,0,0,0,0,0,0,0,0,0,0,0,0,0,0,0,0,0,0,2.5822311,3.1889684
Commons-Email,https://github.com/apache/commons-email.git,ok,ea47e230b5609b82551b009b8b51eb20e2e16b0a,2026-09-20T10:17:14-04:00,3.5,master,2,0,2,0,0,0,0,0,0,0,0,0,0,0,0,0,0,0,0,2.8095533,3.1659034
Commons-Exec,https://github.com/apache/commons-exec.git,ok,f759917816376cf325145f3a94172a71af4d1b96,2026-09-19T11:15:55-04:00,1.6,master,0,0,0,0,0,0,0,0,0,0,0,0,0,0,0,0,0,0,0,0.9521572,1.2963528
Commons-FileUpload,https://github.com/apache/commons-fileupload.git,ok,e254e2378c43517ef3516df9a7b424461d24d30f,2026-09-19T11:15:56-04:00,3.8,master,6,6,0,0,0,0,6,0,0,9,0,0,0,0,0,0,0,0,0,2.8084699,3.551527
Commons-Functor,https://github.com/apache/commons-functor.git,ok,9552c00ea3741c2240f3bea9d48ea9ea2fa53ec4,2025-03-22T09:33:09-04:00,3.8,master,0,0,0,0,0,0,0,0,0,0,0,0,0,0,0,0,0,0,0,2.8026878,3.5004823
Commons-Geometry,https://github.com/apache/commons-geometry.git,ok,21815b9189e74a2e35455114181313b75ea88b8c,2026-09-19T11:15:58-04:00,4.8,master,0,0,0,0,0,0,0,0,0,0,0,0,0,0,0,0,0,0,0,3.1919501,4.6108584
Commons-HttpClient,https://github.com/apache/commons-httpclient.git,clone-failed: fatal: repository 'https://github.com/apache/commons-httpclient.git/' not found,,,,,,,,,,,,,,,,,,,,,,,,,
Commons-Imaging,https://github.com/apache/commons-imaging.git,ok,856cd3430f5ed23f9d0d2a8be4d2a8dc7a24ac7f,2026-09-19T11:16:00-04:00,3.3,master,0,0,0,0,0,0,0,0,0,0,0,0,0,0,0,0,0,0,0,2.3872037,2.9432154
Commons-IO,https://github.com/apache/commons-io.git,ok,8ad9867d693745937abc31b4c0c63669c63d9b31,2026-09-19T11:16:02-04:00,8.7,master,169,129,5,0,35,127,0,2,76,109,23,92,91,0,1,69,12,5,0,7.3539218,8.4737823
Commons-JCI,https://github.com/apache/commons-jci.git,ok,a0b60e0e5800c53ae7275428e071a94998e5c68c,2026-09-19T11:16:04-04:00,1.0,master,0,0,0,0,0,0,0,0,0,0,0,0,0,0,0,0,0,0,0,0.6472805,0.7505164
Commons-JCS,https://github.com/apache/commons-jcs.git,ok,5f7c1632d09b6bb9ad3a8633d80ce523c115ed58,2026-09-19T11:16:06-04:00,3.0,master,0,0,0,0,0,0,0,0,0,0,0,0,0,0,0,0,0,0,0,2.2155225,2.7897649
Commons-Jelly,https://github.com/apache/commons-jelly.git,ok,b54ffd4d87063e02fe717535183d52d2fc1e7d66,2026-09-19T11:16:08-04:00,2.5,master,0,0,0,0,0,0,0,0,0,0,0,0,0,0,0,0,0,0,0,1.8764197,2.172403
Commons-JEXL,https://github.com/apache/commons-jexl.git,ok,bd6c29732b188bb2fa3a9fc0f80d1a31cfa48cb4,2026-09-19T11:16:10-04:00,3.0,master,0,0,0,0,0,0,0,0,0,0,0,0,0,0,0,0,0,0,0,1.988532,2.7636237
Commons-JXPath,https://github.com/apache/commons-jxpath.git,ok,542f831eacfecc0d443f83e6fb0dc13cbd4b761c,2026-09-19T11:16:12-04:00,1.7,master,0,0,0,0,0,0,0,0,0,0,0,0,0,0,0,0,0,0,0,1.2285173,1.4554749
Commons-Lang,https://github.com/apache/commons-lang.git,ok,5b747e2d9183284894affe47aceacb6ee9d6372b,2026-09-20T15:37:51-04:00,12.8,master,0,0,0,0,0,0,0,0,0,0,0,0,0,0,0,0,0,0,0,10.306629,12.6511883
Commons-Logging,https://github.com/apache/commons-logging.git,ok,cd137f700f2360d25d63f1ccd7f5c3cb657ec92d,2026-09-20T10:19:39-04:00,1.2,master,0,0,0,0,0,0,0,0,0,0,0,0,0,0,0,0,0,0,0,0.7249901,0.9514895
Commons-Math,https://github.com/apache/commons-math.git,ok,3c7e96cb47e281f01509947cc55721c805b78e48,2026-09-19T11:16:18-04:00,9.7,master,0,0,0,0,0,0,0,0,0,0,0,0,0,0,0,0,0,0,0,7.5134845,9.4962775
Commons-Net,https://github.com/apache/commons-net.git,ok,d825eb9b70b3886b8df95a24512ee614baea6447,2026-09-19T11:16:20-04:00,2.3,master,0,0,0,0,0,0,0,0,0,0,0,0,0,0,0,0,0,0,0,1.6606805,2.035303
Commons-Numbers,https://github.com/apache/commons-numbers.git,ok,84397420ec98f9d68f30d04ee475e9a665daa577,2026-09-20T22:43:16+02:00,4.8,master,0,0,0,0,0,0,0,0,0,0,0,0,0,0,0,0,0,0,0,3.1217563,4.516249
Commons-OGNL,https://github.com/apache/commons-ognl.git,ok,a2e57990d4cb00d04e1ac8dc25a04240b0c0abb6,2026-09-19T11:16:24-04:00,2.2,master,0,0,0,0,0,0,0,0,0,0,0,0,0,0,0,0,0,0,0,1.6637263,1.9652207
Commons-Pool,https://github.com/apache/commons-pool.git,ok,e04073547b9acdb040b617c26268abe9e31ceda4,2026-09-19T11:16:28-04:00,2.0,master,0,0,0,0,0,0,0,0,0,0,0,0,0,0,0,0,0,0,0,1.3228565,1.7105812
Commons-Proxy,https://github.com/apache/commons-proxy.git,ok,e1a0044e62d7852ce52b5645a254180080d82865,2026-07-27T15:26:50Z,1.4,master,0,0,0,0,0,0,0,0,0,0,0,0,0,0,0,0,0,0,0,0.8268885,1.0553945
Commons-RDF,https://github.com/apache/commons-rdf.git,ok,150ae3e83e8fa8afee456dbd5ff93f23963c608a,2026-09-19T11:16:33-04:00,1.4,master,0,0,0,0,0,0,0,0,0,0,0,0,0,0,0,0,0,0,0,0.9011855,1.1308305
Commons-RNG,https://github.com/apache/commons-rng.git,ok,ccc704edec83193e8f4db0d7aed77fc33d56fcb1,2026-09-20T15:02:29+01:00,3.9,master,0,0,0,0,0,0,0,0,0,0,0,0,0,0,0,0,0,0,0,2.7104045,3.6469723
Commons-SCXML,https://github.com/apache/commons-scxml.git,ok,0edf1b8e00735fce5c51b4687e88553ae779c4a4,2026-09-19T11:16:38-04:00,1.6,master,0,0,0,0,0,0,0,0,0,0,0,0,0,0,0,0,0,0,0,1.0557606,1.2654893
Commons-Statistics,https://github.com/apache/commons-statistics.git,ok,5d8d9e10d876d9a913a054154146f36a18490824,2026-09-20T14:59:00+01:00,3.6,master,0,0,0,0,0,0,0,0,0,0,0,0,0,0,0,0,0,0,0,2.3457372,3.3396296
Commons-Text,https://github.com/apache/commons-text.git,ok,00be782c2bb48fdc68ad59eda45eed7623758d74,2026-09-19T11:16:46-04:00,4.9,master,14,0,14,0,0,0,0,0,0,0,0,0,0,0,0,0,0,0,0,3.8720037,4.577444
Commons-Validator,https://github.com/apache/commons-validator.git,ok,c74db928e176ead38707f47b42fe056c305ac845,2026-09-19T11:16:48-04:00,3.9,master,0,0,0,0,0,0,0,0,0,0,0,0,0,0,0,0,0,0,0,1.6602474,3.5745057
Commons-VFS,https://github.com/apache/commons-vfs.git,ok,8ceedd44a6660b9cc7f9eefec2a7cf5a681e6360,2026-09-20T15:11:08-04:00,4.8,master,13,10,2,1,0,8,2,0,1,10,0,0,0,0,0,0,0,0,0,4.0377762,4.6155929
Commons-Weaver,https://github.com/apache/commons-weaver.git,ok,137312895d2ff5a8af6671004d7967a3361fcb5e,2026-09-19T11:16:52-04:00,1.4,master,0,0,0,0,0,0,0,0,0,0,0,0,0,0,0,0,0,0,0,1.0216267,1.1554078
Compress-Ant-Library,https://github.com/apache/ant-antlibs-compress.git,ok,4cd5fc192cf07ade33a1df8018cde0dde0376d69,2026-07-19T08:34:23+02:00,0.9,master,0,0,0,0,0,0,0,0,0,0,0,0,0,0,0,0,0,0,0,0.6154263,0.6472173
Continuum,https://github.com/apache/continuum.git,ok,2a3bf5fc272606c8a23d2535afdb70dfc9772137,2016-06-10T11:14:55Z,16.7,trunk,103,103,0,0,0,25,23,55,7,325,8,28,16,0,12,22,33,31,1,15.9903264,16.537201
Cordova,https://github.com/apache/cordova.git,ok,80a3b31b57835653973d4d8fd9c04e043003f68b,2026-05-19T12:45:45+09:00,0.3,master,0,0,0,0,0,0,0,0,0,0,0,0,0,0,0,0,0,0,0,0.1568842,0.1775795
Crunch,https://github.com/apache/crunch.git,ok,f75cce92de29cf419ecf75b89fc9b37eb2fe2806,2021-02-02T09:20:15-08:00,7.2,master,75,65,3,1,6,38,13,14,19,98,9,32,27,0,5,23,22,13,2,6.425648,6.9132715
cTAKES,https://github.com/apache/ctakes.git,ok,80e0d8e951f895666b1a0132320fd0c4c9de75a2,2026-08-12T16:21:57-04:00,7.4,main,0,0,0,0,0,0,0,0,0,0,0,0,0,0,0,0,0,0,0,6.972472,7.2782212
Curator,https://github.com/apache/curator.git,ok,88dee99a85921bd0f20955e1d7efbaf896fc17f3,2026-07-20T01:25:07+08:00,4.5,master,0,0,0,0,0,0,0,0,0,0,0,0,0,0,0,0,0,0,0,3.3413568,4.261779
CXF,https://github.com/apache/cxf.git,ok,c4ed00a94050af9170f0897b91166b94819fe145,2026-09-20T09:00:48-04:00,174.5,main,1377,1319,25,3,30,883,342,94,393,2022,181,573,503,31,39,400,422,335,3,163.1498509,174.1402648
Daffodil,https://github.com/apache/daffodil.git,ok,60b442b83812600bf6ed65db2231adc0d308c545,2026-09-08T16:36:42-04:00,1.3,main,0,0,0,0,0,0,0,0,0,0,0,0,0,0,0,0,0,0,0,0.8707171,1.082666
DataFu,https://github.com/apache/datafu.git,ok,117450f90884a59cc44a24461b9944fc1b053416,2026-07-09T11:49:59+03:00,2.3,main,0,0,0,0,0,0,0,0,0,0,0,0,0,0,0,0,0,0,0,1.6370082,2.0551731
datasketches,https://github.com/apache/datasketches-java.git,ok,7b4068860c3d50da28f3dd734e14f74cd6c5657d,2026-09-16T21:36:44-07:00,6.6,main,0,0,0,0,0,0,0,0,0,0,0,0,0,0,0,0,0,0,0,5.1884783,6.4216737
DeltaSpike,https://github.com/apache/deltaspike.git,ok,caaaa0d0135e7053713a1cb18c75976dfb23de85,2026-07-21T23:15:52+02:00,5.8,master,4,4,0,0,0,4,0,0,0,4,2,4,4,0,0,2,2,0,0,4.2404702,5.6062466
Derby,https://github.com/apache/derby.git,ok,4253dcf4aa37dc64cf7235d494cd2f00f72e678a,2019-08-18T23:21:51Z,25.8,trunk,0,0,0,0,0,0,0,0,0,0,0,0,0,0,0,0,0,0,0,18.4013097,25.6487132
DeviceMap,https://github.com/apache/devicemap.git,clone-failed: fatal: repository 'https://github.com/apache/devicemap.git/' not found,,,,,,,,,,,,,,,,,,,,,,,,,
DirectMemory,https://github.com/apache/directmemory.git,ok,4c3d85d594b81d3576ab986dae86f26916bf2b19,2015-08-02T05:38:47Z,1.4,trunk,0,0,0,0,0,0,0,0,0,0,0,0,0,0,0,0,0,0,0,0.95819,1.2095248
Directory,https://github.com/apache/directory-ldap-api.git,ok,f8106ea99f59dfd5d5f5fd36ec100fd9432bd0cd,2026-09-20T19:02:31+02:00,13.3,master,22,10,11,1,0,9,1,0,6,8,3,8,8,0,0,5,4,4,1,11.0865579,13.0513331
Directory-Server,https://github.com/apache/directory-server.git,ok,336a34ae372d4745051fedbbc279c8b2824787cc,2026-08-10T17:19:36+01:00,7.6,master,0,0,0,0,0,0,0,0,0,0,0,0,0,0,0,0,0,0,0,5.5577021,7.4406932
Directory-Studio,https://github.com/apache/directory-studio.git,ok,02c78716f6e2d321d8470ad5d981f4ff59a26732,2026-09-10T15:00:37+02:00,7.3,master,0,0,0,0,0,0,0,0,0,0,0,0,0,0,0,0,0,0,0,6.5434095,7.1688503
Doris,https://github.com/apache/doris.git,ok,c91757aed0b44ffbd23c9f0859c428c2033f95ba,2026-09-21T21:34:50+08:00,317.1,master,4220,3730,248,71,171,2742,788,200,865,6002,552,1939,1884,14,41,1387,1464,1068,0,306.8379416,316.4425424
Drill,https://github.com/apache/drill.git,ok,4250463982b95904bfba094aed577a0841574fb3,2026-09-16T11:45:50-04:00,52.5,master,201,178,2,20,1,115,54,9,58,221,31,102,97,4,1,71,57,42,0,47.2045531,52.2361835
Druid,https://github.com/apache/druid.git,ok,13ae31afc23baf6102fd6d88d0bd813a33b174aa,2026-09-21T14:12:22+08:00,187.2,master,810,752,39,19,0,453,208,91,179,1195,95,316,301,4,11,224,221,154,0,173.9185531,186.7637064
Empire-db,https://github.com/apache/empire-db.git,ok,b18315bdef71630bb5b2522047034d9a73cf7b69,2026-09-10T11:47:05+02:00,4.2,master,3,3,0,0,0,3,0,0,0,6,1,3,3,0,0,2,4,2,0,3.6272432,3.8583178
Etch,https://github.com/apache/etch.git,ok,5a875755019a7f342a07c8c368a50e3efb6ae68c,2015-05-18T06:36:35Z,3.4,trunk,0,0,0,0,0,0,0,0,0,0,0,0,0,0,0,0,0,0,0,2.3940232,3.1607994
EventMesh,https://github.com/apache/eventmesh.git,ok,2c738b7d71d104a11ba0b5bd350e4c062db1e7b6,2026-09-21T19:30:59+08:00,6.2,develop,14,14,0,0,0,0,11,3,0,45,0,0,0,0,0,0,0,0,0,5.1479345,5.9232811
Excalibur,https://github.com/apache/excalibur.git,clone-failed: fatal: repository 'https://github.com/apache/excalibur.git/' not found,,,,,,,,,,,,,,,,,,,,,,,,,
Falcon,https://github.com/apache/falcon.git,ok,470e5e9f5de9ba1b6149dec60e87d3a04270eda3,2018-08-09T16:02:37+05:30,15.0,master,78,63,14,1,0,8,45,10,3,116,2,4,4,0,0,2,1,1,0,13.2295732,14.7522055
Felix,https://github.com/apache/felix.git,ok,1e131b1829f1ea1766ce13426b58ee534ce21026,2020-03-04T13:44:59Z,0.2,trunk,0,0,0,0,0,0,0,0,0,0,0,0,0,0,0,0,0,0,0,0.1068409,0.1155273
Fineract,https://github.com/apache/fineract.git,ok,c5160136a663027f8c20f0667787939e00f23859,2026-09-21T13:39:18+01:00,100.4,develop,2711,2481,179,5,46,1009,1023,449,380,4579,235,801,745,0,56,582,750,570,0,91.5475245,99.8952838
Flink,https://github.com/apache/flink.git,ok,8161afa99bb4ede160cf3efdbb4d9d38e7c9d666,2026-09-21T20:21:53+08:00,184.5,master,793,567,84,20,122,472,88,7,315,476,80,283,278,5,0,203,99,48,1,166.0731651,184.1190242
Flume,https://github.com/apache/flume.git,ok,9b5f6ba1e66daf34809f549d29b7801c3c19bbe1,2026-09-17T10:37:12-07:00,7.2,trunk,30,22,5,0,3,19,2,1,2,27,2,4,4,0,0,2,2,2,0,6.3513672,6.9634523
Fluo,https://github.com/apache/fluo.git,ok,8d80426041359ca104991c9c18863140b2e18b4b,2026-07-10T16:12:56-04:00,2.3,main,0,0,0,0,0,0,0,0,0,0,0,0,0,0,0,0,0,0,0,1.6296742,2.0275076
Fluo-Recipes,https://github.com/apache/fluo-recipes.git,ok,dbf3cdf5839f41cbb9126778ebc98693a8c9f1be,2026-07-08T22:55:08-04:00,1.2,main,0,0,0,0,0,0,0,0,0,0,0,0,0,0,0,0,0,0,0,0.7558081,0.9317239
Fluo-YARN,https://github.com/apache/fluo-yarn.git,ok,c90d4593c470b1800f43db0423606bc34d5824fb,2026-07-08T22:55:08-04:00,0.4,main,0,0,0,0,0,0,0,0,0,0,0,0,0,0,0,0,0,0,0,0.2903426,0.2963909
FOP,https://github.com/apache/xmlgraphics-fop.git,ok,2a8efc165a8769e6b57ab9dfa2ae152c9046f14d,2026-08-19T15:01:45-05:00,14.4,main,343,326,3,5,9,214,102,10,90,394,32,82,71,11,0,50,48,31,0,13.1749526,14.149243
Forrest,https://github.com/apache/forrest.git,ok,ecd535ca6f2e50f2b371c6210499af232eeeb93b,2018-07-30T06:20:35Z,10.0,trunk,0,0,0,0,0,0,0,0,0,0,0,0,0,0,0,0,0,0,0,9.6122999,9.7611817
Fortress,https://github.com/apache/directory-fortress-core.git,ok,48123c0c3137c6e0bfdc1377bd333daacb156cff,2026-06-12T11:20:00-05:00,3.7,master,0,0,0,0,0,0,0,0,0,0,0,0,0,0,0,0,0,0,0,2.5293071,3.4654015
FreeMarker,https://github.com/apache/freemarker.git,ok,e156e5faf9325e7ec05b781411bbf331aff98dfc,2026-09-05T15:43:35+02:00,5.0,2.3-gae,0,0,0,0,0,0,0,0,0,0,0,0,0,0,0,0,0,0,0,3.7891657,4.7298885
FtpServer,https://github.com/apache/mina-ftpserver.git,ok,3865deb64cf487baa81c86d3a380d3a5bd7f9a30,2024-12-26T08:54:46-05:00,1.9,master,0,0,0,0,0,0,0,0,0,0,0,0,0,0,0,0,0,0,0,1.2699197,1.6110255
Geode,https://github.com/apache/geode.git,ok,c5ca8fa89fa72e24481f82b30ddf6f5af7319b17,2026-09-21T09:09:34-04:00,209.2,develop,7108,6165,678,191,74,3674,1809,682,1566,9363,734,2656,2454,32,170,1949,1996,1349,0,189.0431585,208.6133773
Geronimo,https://github.com/apache/geronimo.git,ok,9a930877a047348d82ba5b3b544ffa55af5b150f,2013-03-21T00:35:41Z,12.2,trunk,0,0,0,0,0,0,0,0,0,0,0,0,0,0,0,0,0,0,0,10.5766059,12.0136392
Giraph,https://github.com/apache/giraph.git,ok,14a74297378dc1584efbb698054f0e8bff4f90bc,2022-03-08T19:51:20-08:00,8.2,trunk,56,54,0,2,0,29,23,2,9,75,10,29,24,5,0,19,20,17,1,7.4348069,8.0214955
Gobblin,https://github.com/apache/gobblin.git,ok,cb6650da4742252b3e18315338596e4ca63ed802,2026-07-31T12:15:24+05:30,98.4,master,882,762,52,59,9,580,140,42,197,1123,113,338,331,3,4,225,212,167,0,95.7578828,98.1333295
Gora,https://github.com/apache/gora.git,ok,cc01c182e9fbf839ac79f66142cf9cbd9f1596c5,2024-01-11T12:37:00+01:00,3.3,master,0,0,0,0,0,0,0,0,0,0,0,0,0,0,0,0,0,0,0,2.5651802,3.0137977
Groovy,https://github.com/apache/groovy.git,ok,039af83dc9224006aa54eb58aa1ca1b1562187d3,2026-09-21T05:34:28+10:00,10.5,master,0,0,0,0,0,0,0,0,0,0,0,0,0,0,0,0,0,0,0,9.6994252,10.3759262
Guacamole,https://github.com/apache/guacamole-client.git,ok,2b3be3d4898e98c6284772c9fab163c8bd64a105,2026-08-25T10:49:50-04:00,2.6,main,0,0,0,0,0,0,0,0,0,0,0,0,0,0,0,0,0,0,0,2.2543054,2.385307
Hadoop,https://github.com/apache/hadoop.git,ok,2fc3bb28fbf8ffcb4a946ea31a7841985c183c16,2026-09-20T19:47:04-07:00,626.0,trunk,5649,4222,964,345,118,3236,847,139,1242,6153,552,2103,2009,63,31,1559,1731,1189,0,600.7686757,622.4747352
Hama,https://github.com/apache/hama.git,ok,734a4d7337cbd132623c7dcb84c300de428d13bf,2018-07-29T21:44:33Z,2.5,master,0,0,0,0,0,0,0,0,0,0,0,0,0,0,0,0,0,0,0,2.0177122,2.2929664
Harmony,https://github.com/apache/harmony.git,ok,02970cb7227a335edd2c8457ebdde0195a735733,2011-07-19T17:38:16Z,45.4,trunk,0,0,0,0,0,0,0,0,0,0,0,0,0,0,0,0,0,0,1,32.9746945,45.2059145
HBase,https://github.com/apache/hbase.git,ok,c3d1a4065be3e8a23655d7ec1b781c4bb28b839b,2026-09-21T08:24:38+09:00,122.0,master,1240,1079,96,19,46,710,312,57,224,1607,113,435,420,6,9,322,317,213,0,113.4061364,121.4855344
Helix,https://github.com/apache/helix.git,ok,48674e6ac2a94fb5365ce69a4b1ee1d57655da1d,2026-09-03T00:10:02-07:00,38.2,master,245,214,8,16,7,134,39,41,8,475,19,71,69,0,2,52,91,70,0,35.7415782,37.8607855
Hive,https://github.com/apache/hive.git,ok,eb5550307bda948dc0185ea53b1270b8f49253e7,2026-09-21T10:57:30+03:00,154.1,master,1129,877,195,28,29,543,246,88,167,1627,101,330,323,0,7,229,267,225,0,145.5523982,153.5381295
Hivemind,https://github.com/apache/hivemind.git,clone-failed: fatal: repository 'https://github.com/apache/hivemind.git/' not found,,,,,,,,,,,,,,,,,,,,,,,,,
Hop,https://github.com/apache/hop.git,ok,7eeb87994c826ed71774c25bf2fc57679d1a76d1,2026-09-21T15:27:47+02:00,525.5,main,2209,1741,267,160,41,1222,390,129,467,2609,235,817,780,12,25,583,599,327,0,519.9635869,525.0751052
HttpComponents-Client,https://github.com/apache/httpcomponents-client.git,ok,7cded0c43929e6e989ecb966c875646a5fd8a8e7,2026-09-21T15:30:50+02:00,14.6,master,298,260,31,5,2,113,69,78,35,795,31,107,78,1,28,78,257,216,0,12.9561703,14.3392851
HttpComponents-Core,https://github.com/apache/httpcomponents-core.git,ok,636033d756db66e0b781af66d96a9714f415764a,2026-09-20T22:39:22+02:00,12.6,master,342,285,50,4,3,206,61,18,163,236,46,155,152,0,3,111,46,40,0,11.1137284,12.3571929
Hudi,https://github.com/apache/hudi.git,ok,14fbc79f756625d61e32cef8c0dc15d3b90b0d53,2026-09-21T17:24:19+08:00,143.1,master,2257,2152,36,25,44,1634,371,147,588,3513,362,1079,1053,1,25,759,701,483,0,136.3868256,142.6646854
Iceberg,https://github.com/apache/iceberg.git,ok,4f535ff60e7d11bfd5ed42fe42c83f92b0642ae0,2026-09-21T12:38:44+02:00,102.2,main,986,607,325,34,20,468,112,27,222,814,97,359,344,9,6,278,266,192,0,90.8503257,101.8226521
Ignite,https://github.com/apache/ignite.git,ok,8aca90dc5bcbd8ef948399baa84b535e14cdf978,2026-09-21T11:20:21+03:00,73.9,master,95,72,22,1,0,48,20,4,12,130,3,9,9,0,0,6,7,6,0,61.5616899,73.61137
Impala,https://github.com/apache/impala.git,ok,af856f584e8a9ecaec406dcecc804cfc4b383a38,2026-09-21T00:06:38Z,20.6,master,59,57,1,1,0,44,9,4,9,122,6,14,11,0,3,8,17,12,0,18.9489868,20.3998078
InLong,https://github.com/apache/inlong.git,ok,13c437946fcf503aa5d9c5cb7d9e3ae135e1911b,2026-09-16T15:02:50+08:00,38.6,master,88,55,0,33,0,20,25,10,4,94,1,2,2,0,0,1,3,3,0,36.1098951,38.3481561
IoTDB,https://github.com/apache/iotdb.git,ok,4405647b0f20b7bf78641073a6a459c86ad529e0,2026-09-21T15:04:44+08:00,103.6,master,1101,1041,41,10,9,818,197,26,297,1380,153,582,570,4,8,429,428,316,0,93.8128243,103.1906933
Ivy,https://github.com/apache/ant-ivy.git,ok,e82f1882b1fdc580fc1c5dcd0935115ad963a747,2026-08-18T09:04:05+02:00,5.9,master,0,0,0,0,0,0,0,0,0,0,0,0,0,0,0,0,0,0,0,4.6606008,5.5953976
IvyDE,https://github.com/apache/ant-ivyde.git,ok,d8ef5c20880c920772cdc970d16c118d143d9c29,2023-11-26T16:50:11+01:00,1.8,master,0,0,0,0,0,0,0,0,0,0,0,0,0,0,0,0,0,0,0,1.4517382,1.5391512
Jackrabbit,https://github.com/apache/jackrabbit.git,ok,6362397ccb74e7eadbd47e3683dd64a7695a59fc,2026-09-05T06:56:25+02:00,15.6,trunk,30,16,7,0,7,11,2,3,1,50,1,8,8,0,0,7,7,7,0,13.1355993,15.3862474
Jakarta-Cactus,https://github.com/apache/jakarta-cactus.git,clone-failed: fatal: repository 'https://github.com/apache/jakarta-cactus.git/' not found,,,,,,,,,,,,,,,,,,,,,,,,,
JAMES,https://github.com/apache/james-project.git,ok,956f9493a278fb549d5c9eaddd33602eae23c90f,2026-09-21T08:44:23+02:00,209.9,master,1038,916,44,21,57,502,266,148,192,1589,93,464,415,1,48,385,417,266,0,203.0823865,209.5329457
jclouds,https://github.com/apache/jclouds.git,ok,554418e58ac8b2fb155adfd026d3b363dc469af6,2025-04-28T10:12:40+02:00,15.8,master,0,0,0,0,0,0,0,0,0,0,0,0,0,0,0,0,0,0,0,12.0877901,15.6374453
Jena,https://github.com/apache/jena.git,ok,509136074c4bd8b4771c08d20da4b2821fccdf37,2026-09-21T13:16:55+01:00,25.3,main,19,15,4,0,0,12,2,1,3,31,2,5,5,0,0,3,1,1,0,21.005772,25.1845956
JMeter,https://github.com/apache/jmeter.git,ok,ae8f85eee0b6e0f627ca7d241863496de681a044,2026-09-12T11:28:17+03:00,6.6,master,0,0,0,0,0,0,0,0,0,0,0,0,0,0,0,0,0,0,0,5.498359,6.4169185
JSPWiki,https://github.com/apache/jspwiki.git,ok,eb5fd73d742e1408d64e6fc6ae3a1e77ade0d4d9,2026-09-19T19:09:27-04:00,8.2,master,73,51,0,0,22,30,13,8,2,183,8,21,21,0,0,13,75,31,0,7.4581128,8.0174981
Karaf,https://github.com/apache/karaf.git,ok,a110f751036541f2e4abca25a11f00a971b706da,2026-09-20T07:57:33+02:00,6.3,main,0,0,0,0,0,0,0,0,0,0,0,0,0,0,0,0,0,0,1,5.3218933,6.0742384
Kerby,https://github.com/apache/directory-kerby.git,ok,864355f748670a51f024af9320b3c169d6379df9,2026-08-10T17:29:05+01:00,4.0,trunk,1,0,1,0,0,0,0,0,0,0,0,0,0,0,0,0,0,0,0,3.2912149,3.7278641
Knox,https://github.com/apache/knox.git,ok,40097fc48401f055a8c655ec56abdae4283714bc,2026-09-21T14:17:31+02:00,9.0,master,0,0,0,0,0,0,0,0,0,0,0,0,0,0,0,0,0,0,0,6.734187,8.8003029
Kylin,https://github.com/apache/kylin.git,ok,8107cf1e9bceaa54a20d0b8522625847222e0fb3,2026-09-01T14:48:33+08:00,107.1,kylin5,1359,564,770,24,1,316,111,137,49,1193,67,180,147,3,30,118,193,137,0,102.9736171,106.8595446
Lens,https://github.com/apache/lens.git,ok,3126f2ea711ab9ea5d315993499adb02ba78811e,2019-11-05T12:10:42+05:30,10.2,master,129,120,0,9,0,108,9,3,42,123,22,57,53,2,2,35,29,17,0,9.0061856,9.956128
Lenya,https://github.com/apache/lenya.git,ok,5a978170fe5b6481ecad885db065381670ba0494,2011-09-26T09:07:59Z,2.8,trunk,0,0,0,0,0,0,0,0,0,0,0,0,0,0,0,0,0,0,0,2.4355802,2.5792234
Linkis,https://github.com/apache/linkis.git,ok,bad400a77b9502a68ec229ce6a5aedab6f039b28,2026-08-19T16:13:38+08:00,17.5,master,75,51,12,12,0,20,12,19,3,115,3,14,14,0,0,11,14,14,0,16.8301804,17.3667863
Log4j,https://github.com/apache/logging-log4j2.git,ok,7326bebf87d4ce0b431912c9452bdda175f8db86,2026-09-19T10:54:26+02:00,24.3,2.x,165,154,7,1,3,85,52,17,54,271,21,57,44,0,13,46,97,74,0,21.8369948,24.0108524
Lucene-Core,https://github.com/apache/lucene.git,ok,2165146d01c9d640afc61dada51e911c0234e1d8,2026-09-20T23:49:24+02:00,32.9,main,0,0,0,0,0,0,0,0,0,0,0,0,0,0,0,0,0,0,0,24.3944413,32.6986936
Mahout,https://github.com/apache/mahout.git,ok,9f860c738e1a7a1d775d452dbf1fd7e5c4c45159,2026-09-16T15:54:07+08:00,0.4,main,0,0,0,0,0,0,0,0,0,0,0,0,0,0,0,0,0,0,0,0.1837917,0.2037292
ManifoldCF,https://github.com/apache/manifoldcf.git,ok,35b3ce683c5afda3de741b0253809f7e73c09d04,2026-08-06T12:36:35+02:00,12.9,trunk,60,60,0,0,0,53,2,5,30,95,14,32,32,0,0,18,13,11,0,12.2210696,12.7170931
Marmotta,https://github.com/apache/marmotta.git,ok,28c9b8b0791ea1693578af302981a1358e56933d,2018-06-18T20:31:12+02:00,5.1,master,0,0,0,0,0,0,0,0,0,0,0,0,0,0,0,0,0,0,2,4.4142661,4.9452158
Maven,https://github.com/apache/maven.git,ok,ee9c2a37b232fbdd01d01969e6bc90b4d0d4ee1f,2026-09-21T13:30:38+02:00,119.1,master,474,463,5,3,3,361,81,21,105,702,74,254,247,2,5,182,234,159,1,116.1358933,118.8146772
Maven-Doxia,https://github.com/apache/maven-doxia.git,ok,4b56447ddfd46f01c600761785c12b87d27c2d96,2026-09-20T16:29:26+02:00,1.9,master,0,0,0,0,0,0,0,0,0,0,0,0,0,0,0,0,0,0,0,1.334891,1.6937216
MetaModel,https://github.com/apache/metamodel.git,ok,bf0190ca7795534e310469941ad6c5ecf69ccb51,2021-06-23T21:22:20+02:00,4.0,master,0,0,0,0,0,0,0,0,0,0,0,0,0,0,0,0,0,0,0,2.9668228,3.7861391
MINA,https://github.com/apache/mina.git,ok,74971c672d5ff9550bb75fdaa63f791d0df517d1,2026-06-04T11:00:17+02:00,5.2,trunk,66,47,19,0,0,36,7,4,20,52,5,15,15,0,0,10,2,1,0,4.2141862,4.8231917
MRUnit,https://github.com/apache/mrunit.git,ok,aafb9ee07939093c809f4f7aa802cca7cfe2a5b6,2016-05-12T15:41:03-07:00,2.7,trunk,7,3,0,4,0,0,3,0,0,9,0,0,0,0,0,0,0,0,0,2.1494201,2.4526303
MyFaces,https://github.com/apache/myfaces.git,ok,9051c01d8ff025bd6de0365f60aa2b54bebebcc0,2026-09-10T07:58:04-04:00,10.8,main,33,13,20,0,0,3,9,1,2,3,1,2,2,0,0,1,0,0,0,9.3789877,10.5858212
NetBeans,https://github.com/apache/netbeans.git,ok,36dcb72624c1c546ce546ab5ecf0f72cdca15609,2026-09-18T20:06:35+02:00,172.5,master,0,0,0,0,0,0,0,0,0,0,0,0,0,0,0,0,0,0,73,141.8974053,172.342342
Nutch,https://github.com/apache/nutch.git,ok,bfb67a9be8194d8ee8b50fce95263d0b0d1f0b73,2026-09-13T04:37:35-07:00,4.7,master,9,9,0,0,0,1,6,2,1,12,0,0,0,0,0,0,0,0,0,3.8093432,4.4750127
ODE,https://github.com/apache/ode.git,ok,a0c2d1a3c24268523c81b4ddc125eb05d758c6f5,2020-01-14T10:38:26+05:30,5.0,master,0,0,0,0,0,0,0,0,0,0,0,0,0,0,0,0,0,0,0,4.1349258,4.7549646
OFBiz,https://github.com/apache/ofbiz-framework.git,ok,86f99c1aecd3193f9aefaabfed43abb3404a6dac,2026-09-21T11:17:22+02:00,18.6,trunk,397,397,0,0,0,337,36,24,109,658,51,293,291,0,2,242,213,160,0,17.7318486,18.3141324
Lingo,https://github.com/apache/olingo-odata4.git,ok,9f9c4901569da2071a9aaed395fde309f26d9577,2025-06-04T22:42:12+02:00,21.0,master,560,526,0,0,34,455,66,5,149,720,87,313,313,0,0,226,204,136,0,19.0763069,20.7058591
Oltu-Parent,https://github.com/apache/oltu.git,ok,a847c13a29e545524420bde68e186a8a1b913acf,2017-10-31T16:43:05Z,1.8,trunk,0,0,0,0,0,0,0,0,0,0,0,0,0,0,0,0,0,0,0,1.2757075,1.5410561
OODT,https://github.com/apache/oodt.git,ok,f3dda2591bef8f16ce0a13dd4452538ca0f2f63d,2022-01-07T11:41:46+05:30,6.0,master,11,11,0,0,0,0,10,1,0,38,0,0,0,0,0,0,0,0,0,5.1586699,5.8086112
Oozie,https://github.com/apache/oozie.git,ok,8bdac8be4fa719a99612a83dcba86748486f9408,2025-01-27T09:18:57+01:00,18.4,master,174,155,17,2,0,82,37,36,9,327,12,39,35,2,2,27,29,19,0,16.1858993,18.1668966
OpenJPA,https://github.com/apache/openjpa.git,ok,43e2335ee4ae58325fb7b3b43378afab60972001,2026-09-17T21:28:30-03:00,18.1,master,0,0,0,0,0,0,0,0,0,0,0,0,0,0,0,0,0,0,0,13.6685285,17.9409506
OpenMeetings,https://github.com/apache/openmeetings.git,ok,1da998a119ce8ff085839aba106576d452fce824,2026-09-21T09:45:29+07:00,5.5,master,28,22,6,0,0,0,17,5,0,18,0,0,0,0,0,0,0,0,0,4.9526964,5.2657504
OpenNLP,https://github.com/apache/opennlp.git,ok,c36ff62f79bbe063ce72d31948bf349ae3db9a14,2026-09-20T19:06:55+02:00,8.2,main,0,0,0,0,0,0,0,0,0,0,0,0,0,0,0,0,0,0,0,6.5608765,8.0029539
OpenWebBeans,https://github.com/apache/openwebbeans.git,ok,c53140ddbbccb4d0c8f82f9fdf683c7193ee4587,2026-08-03T21:55:56+02:00,7.1,main,0,0,0,0,0,0,0,0,0,0,0,0,0,0,0,0,0,0,0,5.2865093,6.8690736
ORC,https://github.com/apache/orc.git,ok,4dbfe28864d73a20c331ec59cc93249aed37dfef,2026-09-21T16:54:29+08:00,7.7,main,22,20,2,0,0,17,3,0,4,20,2,4,4,0,0,2,2,2,0,6.4439464,7.4407034
ORO,https://github.com/apache/jakarta-oro.git,clone-failed: fatal: repository 'https://github.com/apache/jakarta-oro.git/' not found,,,,,,,,,,,,,,,,,,,,,,,,,
Ozone,https://github.com/apache/ozone.git,ok,d18115d1ed49973287766002eb0ae5f2378b07d6,2026-09-21T21:57:54+08:00,206.9,master,2711,2359,189,95,68,1422,725,212,407,4246,294,956,890,8,58,668,858,545,0,198.9448251,206.3498367
Parquet,https://github.com/apache/parquet-mr.git,ok,61a766b0a754715dc577829ccd819ce13e75d234,2026-09-21T13:16:19+02:00,14.6,master,53,46,1,0,6,42,3,1,39,18,2,38,38,0,0,36,0,0,0,12.7621262,14.4343575
PDFBox,https://github.com/apache/pdfbox.git,ok,c11132642d6a5456694cec48b7c0e9c3815c9517,2026-09-21T06:12:01Z,8.1,trunk,2,2,0,0,0,2,0,0,1,9,0,0,0,0,0,0,0,0,0,7.193575,7.9337507
Phoenix,https://github.com/apache/phoenix.git,ok,96c05a47cbd32cbe81a8b324aa202131b57d3e91,2026-09-17T10:41:00-07:00,27.4,master,338,266,62,10,0,179,61,26,68,438,48,125,116,3,6,87,138,104,0,25.5125078,27.142569
Pig,https://github.com/apache/pig.git,ok,09588bb38843de4f4673980e969f51406ec9ceb0,2025-09-15T11:23:41Z,10.4,trunk,20,19,1,0,0,19,0,0,2,78,1,14,14,0,0,13,53,13,0,8.0330669,10.2142707
Pinot,https://github.com/apache/pinot.git,ok,7fafbc638e8e7664e9aa8f0484a7652af30ecc0b,2026-09-21T07:09:50-07:00,257.9,master,3521,3219,81,65,156,2470,590,159,757,5679,428,1985,1939,7,39,1569,1892,1196,0,245.3804892,257.3182481
Pivot,https://github.com/apache/pivot.git,ok,6d30e1dfb45b97f26a49833acb3ab8a7198eac5b,2019-08-14T04:00:20Z,4.4,trunk,0,0,0,0,0,0,0,0,0,0,0,0,0,0,0,0,0,0,0,3.8171068,4.1784855
PLC4X,https://github.com/apache/plc4x.git,ok,7eb79b894b9c854993e0625528dc359fa0ffe502,2026-09-21T15:50:21+02:00,73.8,develop,395,390,0,5,0,301,67,22,122,698,57,226,217,1,8,171,247,177,0,71.347134,73.5463545
POI,https://github.com/apache/poi.git,ok,a9a4f89e9a777656a5bfbe480eeaa8964483dc53,2026-09-20T23:00:17+01:00,22.6,trunk,12,7,2,0,3,6,1,0,4,2,1,4,4,0,0,3,0,0,0,18.9219025,22.2999181
Polygene,https://github.com/apache/polygene-java.git,ok,031beef870302a0bd01bd5895ce849e00f2d5d5b,2019-02-14T17:37:06Z,7.8,master,1,0,0,1,0,0,0,0,0,0,0,0,0,0,0,0,0,0,0,6.5323457,7.689684
Portals,https://github.com/apache/portals-pluto.git,ok,518f3fb9fd6d3c79518c3bce8130c186906dfc5b,2025-04-04T15:56:44-04:00,9.2,master,0,0,0,0,0,0,0,0,0,0,0,0,0,0,0,0,0,0,0,5.9600083,9.0729639
Props-Ant-Library,https://github.com/apache/ant-antlibs-props.git,ok,c7b12f4d4ff596a3506416e4a4f32c4ee5de92b5,2026-08-18T09:03:45+02:00,0.5,master,0,0,0,0,0,0,0,0,0,0,0,0,0,0,0,0,0,0,0,0.344159,0.3561451
Pulsar,https://github.com/apache/pulsar.git,ok,1b5ec96cc0e863055d05ca5edf72576cab2a0274,2026-09-21T11:24:39+03:00,274.2,master,3122,2314,480,205,123,1768,457,89,754,3374,345,1242,1203,24,15,900,751,571,0,263.4671714,273.5490964
Qpid,https://github.com/apache/qpid-broker-j.git,ok,83f889f288c23973d2fdb118b1728e59c946f1ff,2026-09-20T05:09:18+02:00,89.1,main,1834,1586,20,78,150,879,591,116,298,3276,178,614,577,26,11,438,570,369,1,84.9181352,88.8004293
Ranger,https://github.com/apache/ranger.git,ok,a8481cd86e1dff8bb26582ca4a5f4abf4c1d3256,2026-09-21T15:14:31+05:30,169.0,master,6435,6121,243,49,22,5076,506,539,1613,11675,964,4308,4105,4,199,3456,4062,2362,0,164.2134108,168.2395417
Rat,https://github.com/apache/creadur-rat.git,ok,6842b829b9d1811ffb6ff2647767145f97253617,2026-09-20T20:20:36+02:00,5.4,master,13,11,2,0,0,10,0,1,3,19,2,4,4,0,0,2,3,1,0,4.6536538,5.1979326
REEF,https://github.com/apache/reef.git,ok,b621659dbffc4e7826d618f0f0359c0a6e597b97,2021-05-26T08:06:07-07:00,7.9,master,13,13,0,0,0,5,8,0,0,9,1,2,2,0,0,1,1,1,0,6.87402,7.6574226
Regexp,https://github.com/apache/jakarta-regexp.git,clone-failed: fatal: repository 'https://github.com/apache/jakarta-regexp.git/' not found,,,,,,,,,,,,,,,,,,,,,,,,,
River,https://github.com/apache/river.git,clone-failed: fatal: repository 'https://github.com/apache/river.git/' not found,,,,,,,,,,,,,,,,,,,,,,,,,
Roller,https://github.com/apache/roller.git,ok,47c5cf0bbfa00fe199bc743a7fb88df8e6b21d32,2026-09-17T18:55:50-04:00,6.1,master,113,110,3,0,0,64,22,24,22,213,12,35,34,0,1,23,21,18,0,5.3647765,5.8045243
Sandesha2,https://github.com/apache/axis-axis2-java-sandesha2.git,clone-failed: fatal: repository 'https://github.com/apache/axis-axis2-java-sandesha2.git/' not found,,,,,,,,,,,,,,,,,,,,,,,,,
Santuario,https://github.com/apache/santuario-java.git,ok,83ea8fa047b709c123eb01bb4f4c867d203194ac,2020-05-15T07:25:56Z,4.4,trunk,0,0,0,0,0,0,0,0,0,0,0,0,0,0,0,0,0,0,0,3.060087,4.1764626
SeaTunnel,https://github.com/apache/seatunnel.git,ok,d710e0678d0357ac3f22ffb694f32cb21da36ac6,2026-09-21T06:04:51Z,416.8,dev,1429,1300,44,23,62,995,241,64,321,1861,207,678,664,3,11,471,447,316,0,409.2759825,416.3531164
ServiceMix,https://github.com/apache/servicemix.git,ok,efaa40471643f003571fdfc853b3f1657b797831,2023-12-09T07:50:08+01:00,1.1,master,0,0,0,0,0,0,0,0,0,0,0,0,0,0,0,0,0,0,0,0.7603483,0.8638114
Shale,https://github.com/apache/shale.git,clone-failed: fatal: repository 'https://github.com/apache/shale.git/' not found,,,,,,,,,,,,,,,,,,,,,,,,,
Shindig,https://github.com/apache/shindig.git,ok,8f3c3d5c77f5324bad56a5a62da28657fe9112a0,2015-12-07T13:59:13Z,6.1,trunk,0,0,0,0,0,0,0,0,0,0,0,0,0,0,0,0,0,0,0,4.3966261,5.8120155
Shiro,https://github.com/apache/shiro.git,ok,bd3ecdd2daa9dedaf82f956379c95e28c36152b3,2026-09-19T13:46:41-05:00,7.9,main,138,129,5,4,0,113,10,6,68,141,15,82,82,0,0,67,43,29,0,7.2089428,7.744497
SkyWalking,https://github.com/apache/skywalking.git,ok,ecb087cbfd23a89581367ca70adc74f511a9e70c,2026-09-21T16:12:05+08:00,86.9,master,441,397,33,4,7,153,192,52,47,480,28,110,74,0,36,86,118,78,0,85.202173,86.6634926
Sling,https://github.com/apache/sling.git,ok,c7cf428ff335e45a8746fa21eb1e12cedcbe71c0,2026-06-05T18:17:24+02:00,0.2,master,0,0,0,0,0,0,0,0,0,0,0,0,0,0,0,0,0,0,0,0.1140902,0.1236541
Solr,https://github.com/apache/solr.git,ok,b1cbbbf1a1fd8cdd5b5989ae86fab1750cee318a,2026-09-21T08:59:55-04:00,29.2,main,371,332,26,1,12,140,149,43,73,511,22,88,80,0,8,66,42,26,0,22.3336868,28.9700568
Spark,https://github.com/apache/spark.git,ok,a9cf2c11b6f3df7d3294c67f6334b46c7f8395ab,2026-09-21T07:41:59-07:00,22.6,master,202,167,12,1,22,135,29,3,87,129,24,94,94,0,0,70,15,10,0,20.8584279,22.4116897
Spatial-Information-System,https://github.com/apache/sis.git,ok,260a742c08167cf859e1202f91bdd631914d06f2,2026-08-19T18:50:23+02:00,15.5,main,0,0,0,0,0,0,0,0,0,0,0,0,0,0,0,0,0,0,0,13.086837,15.3305651
Sqoop,https://github.com/apache/sqoop.git,ok,f8beae32a067d72bf9ed6e903b041ad347ca5491,2021-03-16T14:53:04+01:00,6.1,trunk,109,96,7,6,0,37,42,17,13,224,6,15,13,0,2,9,6,5,0,4.5634837,5.8169886
SSHD,https://github.com/apache/mina-sshd.git,ok,f4d631efd08ce7fdf67b0c164a64a7dcc97ef33c,2026-09-20T16:02:19+02:00,15.0,master,85,84,0,1,0,58,26,0,30,72,11,25,24,1,0,14,10,9,0,13.0049215,14.7705753
Stanbol,https://github.com/apache/stanbol.git,ok,2fcf471b467fb84e59491f4c54ba0a95924ab04a,2018-12-01T20:44:15Z,7.6,trunk,0,0,0,0,0,0,0,0,0,0,0,0,0,0,0,0,0,0,0,6.6225181,7.4726624
Storm,https://github.com/apache/storm.git,ok,c2ac7b255d94f73e321e3e2d27e8492c90f0a7ea,2026-09-20T18:01:56+02:00,41.7,master,625,565,36,11,13,389,136,40,165,746,85,293,285,0,8,208,155,116,0,39.9529269,41.4052169
Stratos,https://github.com/apache/stratos.git,ok,d3034a112d609a2381069d90d4e68205badbe239,2017-02-17T00:23:58-08:00,8.2,master,0,0,0,0,0,0,0,0,0,0,0,0,0,0,0,0,0,0,0,7.3717547,8.0018962
Struts,https://github.com/apache/struts.git,ok,e5fb8e91d7673792d77b661075e95e704991ccc4,2026-09-19T07:50:15+02:00,18.1,main,85,83,2,0,0,59,19,5,28,99,11,34,34,0,0,23,32,21,0,15.719074,17.8387157
Submarine,https://github.com/apache/submarine.git,ok,7a1d551798c6785fc68fe028fc46f74c3ee6976d,2024-04-03T08:59:35+08:00,5.9,master,14,12,2,0,0,5,1,6,2,25,0,0,0,0,0,0,0,0,0,5.296503,5.6910188
Synapse,https://github.com/apache/synapse.git,ok,a4fba5d3e74544538ac7f8b9251dc3bef86a8204,2026-09-21T13:32:54+05:30,5.3,master,0,0,0,0,0,0,0,0,0,0,0,0,0,0,0,0,0,0,0,4.4112713,5.0197238
Syncope,https://github.com/apache/syncope.git,ok,abd1a4b16308c69207f1d96b6da587d042663b79,2026-09-18T08:12:20+02:00,34.9,master,216,214,0,0,2,87,90,37,29,304,23,41,16,10,15,26,56,41,0,33.2039845,34.6384791
Tajo,https://github.com/apache/tajo.git,ok,b68fc2e4de90dfe4d9cff3cebafe07deab6ef2de,2020-05-10T23:36:34-07:00,9.1,master,0,0,0,0,0,0,0,0,0,0,0,0,0,0,0,0,0,0,0,7.7655643,8.8869271
Tapestry,https://github.com/apache/tapestry-5.git,ok,07acbb76255e4dad15f053df368803455e600829,2026-08-02T15:30:57+02:00,8.5,master,0,0,0,0,0,0,0,0,0,0,0,0,0,0,0,0,0,0,5,6.8289447,8.3115766
Tentacles,https://github.com/apache/creadur-tentacles.git,ok,39095b7b5c5875c64b940a064f176fd7fc0c5d0b,2026-09-16T10:55:20+02:00,0.6,master,0,0,0,0,0,0,0,0,0,0,0,0,0,0,0,0,0,0,0,0.4253826,0.4523855
Tez,https://github.com/apache/tez.git,ok,0e9f756609fe06835cb8f50e0f8e90a3e8282a6f,2026-08-24T15:22:34+02:00,47.1,master,1249,1032,124,55,38,828,178,26,487,1592,162,677,653,20,4,516,510,353,0,44.6210307,46.7657081
Thrift,https://github.com/apache/thrift.git,ok,c2083e3e6c007d3dc554d344bf4965264497e1f9,2026-09-21T16:41:56+02:00,4.2,master,3,3,0,0,0,1,1,1,0,5,0,0,0,0,0,0,0,0,0,3.3467047,3.9132239
Tika,https://github.com/apache/tika.git,ok,25c0a8a15896357ce5cc82b9713effdfddf9a60d,2026-09-21T10:09:44-04:00,22.9,main,37,35,1,1,0,22,7,6,7,42,4,11,11,0,0,7,7,3,0,20.1266183,22.7130898
Tiles,https://github.com/apache/tiles.git,ok,2601bcd2d8c7c5f1dde663830093c426ffff3da4,2018-09-07T11:28:24Z,2.7,trunk,0,0,0,0,0,0,0,0,0,0,0,0,0,0,0,0,0,0,0,1.4994337,2.3128549
Tobago,https://github.com/apache/myfaces-tobago.git,ok,afa05178f9cf44fb0498a0659ecb42b69764840f,2026-09-21T10:47:05+02:00,3.6,main,0,0,0,0,0,0,0,0,0,0,0,0,0,0,0,0,0,0,0,2.8553022,3.2762003
Tomcat,https://github.com/apache/tomcat.git,ok,44087b688a8abd81fa7856f630838b360a129688,2026-09-21T15:08:26+01:00,15.0,main,0,0,0,0,0,0,0,0,0,0,0,0,0,0,0,0,0,0,0,11.88893,14.7684215
TomEE,https://github.com/apache/tomee.git,ok,7bfb98bc12e8ff43d9d58ce4bb8bea8f8f33216e,2026-09-20T20:54:14+02:00,40.4,main,80,80,0,0,0,63,8,9,22,143,13,49,45,0,4,36,48,43,0,36.4676458,40.2109425
Torque,https://github.com/apache/db-torque.git,clone-failed: fatal: repository 'https://github.com/apache/db-torque.git/' not found,,,,,,,,,,,,,,,,,,,,,,,,,
TsFile,https://github.com/apache/tsfile.git,ok,9b40e40c0e530f367a942e36b2adcceba2748298,2026-09-17T17:46:44+08:00,7.6,develop,33,28,0,5,0,28,0,0,13,61,8,23,23,0,0,15,28,10,0,6.5659674,7.4464838
Turbine,https://github.com/apache/turbine-core.git,ok,c4b3f082cd79b7ad7636bf5ce6fe197a9f7f815a,2026-09-09T16:16:46+02:00,3.3,trunk,56,48,0,0,8,16,31,1,7,57,4,11,11,0,0,7,6,5,0,2.7576973,3.0676422
Tuscany,https://github.com/apache/tuscany.git,clone-failed: fatal: repository 'https://github.com/apache/tuscany.git/' not found,,,,,,,,,,,,,,,,,,,,,,,,,
UIMA,https://github.com/apache/uima-uimaj.git,ok,25ade9325df05cc7b97f83f704f561ed7a9af004,2026-08-13T15:55:01+02:00,13.1,main,6,3,3,0,0,3,0,0,3,0,0,0,0,0,0,0,0,0,0,11.3648678,12.9223562
Unomi,https://github.com/apache/unomi.git,ok,ab028177a0503a83331fe4afc97279720812c49d,2026-09-21T16:38:50+02:00,38.4,master,162,158,1,2,1,18,69,71,11,685,8,16,4,2,10,8,32,16,0,36.8026367,38.1238828
Velocity,https://github.com/apache/velocity-engine.git,ok,ae5215e85af970438499321022d9e73202135b56,2026-09-15T12:42:37+02:00,2.7,master,0,0,0,0,0,0,0,0,0,0,0,0,0,0,0,0,0,0,1,1.9558144,2.4692991
Velocity-Tools,https://github.com/apache/velocity-tools.git,ok,03bd638e66cb26f8692a13c94dbdaca9540da091,2026-06-20T08:00:04+02:00,1.7,master,0,0,0,0,0,0,0,0,0,0,0,0,0,0,0,0,0,0,0,1.2575458,1.4474551
VSS-Ant-Library,https://github.com/apache/ant-antlibs-vss.git,ok,2eb4d9167d2874e96c796099761447d347e254a2,2026-06-27T13:57:28+02:00,0.7,master,0,0,0,0,0,0,0,0,0,0,0,0,0,0,0,0,0,0,0,0.4153914,0.4459279
VXQuery,https://github.com/apache/vxquery.git,ok,5d1175d2cb04a54ba751295f2ac67daec38bf723,2018-10-15T19:11:31-07:00,4.4,master,0,0,0,0,0,0,0,0,0,0,0,0,0,0,0,0,0,0,0,3.8579929,4.1560971
Vysper,https://github.com/apache/mina-vysper.git,ok,3f525af5798af2ee457691f4e4a58c746140fc9c,2025-12-02T19:29:10+01:00,9.7,master,154,128,0,26,0,36,79,13,25,85,8,24,21,0,3,16,14,11,0,8.8354983,9.461761
Whirr,https://github.com/apache/whirr.git,ok,a883f05853d8b60e56ca2ace4d57f5c9c83f69e1,2015-04-23T23:31:06-07:00,4.6,trunk,61,61,0,0,0,53,8,0,12,69,14,41,41,0,0,27,32,31,0,3.919755,4.3057223
Whisker,https://github.com/apache/creadur-whisker.git,ok,3f756df824850635bcc5d700d585c1c0fdafbb06,2026-09-15T10:02:46+02:00,1.1,master,0,0,0,0,0,0,0,0,0,0,0,0,0,0,0,0,0,0,0,0.7141324,0.8881152
Wicket,https://github.com/apache/wicket.git,ok,98588987aa3ccbce1c0b169258639eabffad1347,2026-09-20T18:06:01+02:00,15.1,master,90,88,2,0,0,66,14,8,32,140,17,46,46,0,0,29,26,20,2,13.147519,14.896989
Wink,https://github.com/apache/wink.git,ok,bafd9208fa87e6433254282d452a7f6e768f1bbb,2016-03-09T23:11:45Z,7.2,trunk,0,0,0,0,0,0,0,0,0,0,0,0,0,0,0,0,0,0,0,4.8266014,7.0288053
Woden,https://github.com/apache/woden.git,clone-failed: fatal: repository 'https://github.com/apache/woden.git/' not found,,,,,,,,,,,,,,,,,,,,,,,,,
Wookie,https://github.com/apache/wookie.git,ok,b75542fc42ea081aaa8947549e368c31a797eaa4,2014-11-24T10:11:41Z,2.4,trunk,0,0,0,0,0,0,0,0,0,0,0,0,0,0,0,0,0,0,0,1.7676705,2.1802587
Xalan,https://github.com/apache/xalan-j.git,ok,660e12dca29e28df9f3f9ebb7c19435bb16362f3,2019-05-24T04:01:20Z,5.4,trunk,0,0,0,0,0,0,0,0,0,0,0,0,0,0,0,0,0,0,0,5.1056786,5.1802511
Xerces,https://github.com/apache/xerces2-j.git,ok,cf0c517a41b31b0242b96ab1af9627a3ab07fcd2,2019-04-06T04:32:42Z,5.7,trunk,0,0,0,0,0,0,0,0,0,0,0,0,0,0,0,0,0,0,0,5.1355219,5.4568703
Xindice,https://github.com/apache/xindice.git,clone-failed: fatal: repository 'https://github.com/apache/xindice.git/' not found,,,,,,,,,,,,,,,,,,,,,,,,,
XML-Commons-External,https://github.com/apache/xml-commons-external.git,clone-failed: fatal: repository 'https://github.com/apache/xml-commons-external.git/' not found,,,,,,,,,,,,,,,,,,,,,,,,,
XML-Commons-Resolver,https://github.com/apache/xml-commons-resolver.git,clone-failed: fatal: repository 'https://github.com/apache/xml-commons-resolver.git/' not found,,,,,,,,,,,,,,,,,,,,,,,,,
XML-Graphics-Commons,https://github.com/apache/xmlgraphics-commons.git,ok,092f0ded118918367a0e4d5eb267130c174898b7,2026-06-23T13:32:28+01:00,4.0,main,21,21,0,0,0,10,6,5,3,28,3,6,5,0,1,3,3,2,0,3.4264906,3.7278009
XMLBeans,https://github.com/apache/xmlbeans.git,ok,77682fc029c3f50a5052c7b90921fd9d7f69544b,2026-09-15T22:15:24+01:00,6.9,trunk,0,0,0,0,0,0,0,0,0,0,0,0,0,0,0,0,0,0,1,5.1901947,6.7544258
Yetus,https://github.com/apache/yetus.git,ok,00424d45ad543d5bf8822f56f6dc87c52eef0b7f,2026-08-15T07:18:24-07:00,0.8,main,1,1,0,0,0,0,1,0,0,1,0,0,0,0,0,0,0,0,0,0.6089893,0.651763
Zeppelin,https://github.com/apache/zeppelin.git,ok,bd1ecc6dc442c8b05124ae7afc1233006e21441d,2026-09-21T23:28:43+09:00,29.8,master,326,301,13,0,12,219,72,10,104,292,56,170,170,0,0,114,88,55,0,28.5193938,29.4831603
ZooKeeper,https://github.com/apache/zookeeper.git,ok,b9818714f4790347c27f37fd49739a91b46c8e5e,2026-09-20T18:58:18+08:00,16.5,master,150,133,14,2,1,90,35,8,31,168,14,32,32,0,0,18,21,12,0,14.6956773,16.2465381
NiFi,https://github.com/apache/nifi.git,ok,6b1116e4b7f087b91143d3a1fe1118f50579b617,2026-09-21T08:37:41-05:00,1506.1,main,4380,3910,79,72,319,2057,1230,623,673,7538,444,1525,1406,14,105,1093,1261,933,3,1497.1905002,1505.2380132
