commit,date
7a1d551798c6785fc68fe028fc46f74c3ee6976d,2024-04-03 08:59:35 +0800
4e68894a1c54d763ac2697ea1ac993793da4107c,2024-03-27 08:06:12 +0800
246ecee0706cad8cfa6a66006a7005c67ae235da,2023-12-02 16:01:24 +0800
56ca90997faf16ea9e122cea91dfd92541e1f86d,2023-11-25 16:10:34 +0800
921e20d298ea0b2795f173e152472f7298084af8,2023-11-18 19:23:45 +0800
82cc8bd034d8fd9277da529553f579b288203e9b,2023-11-12 15:33:58 +0800
dfcc436739eadacadb936df58bb33a0935c50ee6,2023-11-11 20:44:59 +0800
52c1e55dd54e13a7417c38f667d9c7c8835e09e9,2023-09-29 07:59:44 +0800
459fb987193d199d807831e534b1cc97e2ab159c,2023-09-24 10:11:49 +0800
ea9c0a756449ea7358dcb9c607e87c1b9d8b9b9d,2023-09-24 08:56:00 +0800
4ddba988c2a8db415d3aafe6ab230d30a900d4b6,2023-09-22 20:52:33 -0700
6ed412edd95afddcdd327d4b389b214d592cdc45,2023-09-18 13:03:13 +0800
42785be44906a65824ba6d481976230e71c0124e,2023-09-03 16:23:00 +0800
4eb08ec9efcea0897be5c7938e912ff6692e4e31,2023-08-31 07:45:46 +0800
0c10613f39b707d5e446c515c12fa28295c8052e,2023-08-25 07:50:49 +0800
4d5e8f5c221025b8cdce8657bf2f10496be46b27,2023-08-17 08:18:11 +0800
1499c64fe0536f9d8a097d0ae921437da25f483c,2023-08-11 19:54:37 -0700
f170037c1e7642c16cd5fa1707e85abd6252d839,2023-08-04 16:14:47 +0800
5a5e3a652087d389766875b09eb1ffe70eb03823,2023-08-01 07:44:24 +0800
0a554c4ffd055ccafb085531f84a73772674628e,2023-07-29 08:59:00 +0800
cae0c626177a57587c631840d8906a02bdcc31cb,2023-07-20 05:01:11 -0700
6686f189fd5ad9fab0da760d86729a0f1a2a608d,2023-07-20 05:00:40 -0700
dbcf369aea89194e68c9b6e22e87974acdd45af5,2023-07-20 04:59:53 -0700
09a7e77158e60ea2980c4bea09292eafd74e35e0,2023-07-18 08:06:42 +0800
b0d96b392744a84dc6a3a0295af1cd301ccbfba7,2023-07-15 16:27:44 +0800
5d21ad57a99bc57996cf86becdfee92f37589186,2023-07-14 21:29:02 +0800
3b2743160c0310e8b8c3c00e92ee927e7f219100,2023-07-13 09:43:45 +0800
f7c2fe5223300d2ba895827fb3678cf97ddd4f10,2023-07-08 15:11:51 +0800
0840a8e6f730f06e14e85c25ce028610eeaa872c,2023-07-08 11:10:09 +0800
6103f2a9e60f0cd165e2ec43b1e5f92180fabf7e,2023-07-07 20:15:27 +0800
21ba037555242e5b9633fee2feb53a2d9e2e31dc,2023-06-21 20:05:40 +0800
93d6ee5311d77a2e69537e7d067c624a55da1ff9,2023-06-17 12:23:24 +0800
be4ecf2c974bc834d851629a968a82651f8fa708,2023-06-11 17:19:32 +0800
b830ac4adbfa0a1edf3810efcfe062cbce1b1892,2023-06-09 22:03:20 +0800
387a0eac89f7a08de2b5972eb35e5851d27b3ee2,2023-05-13 20:20:58 +0800
b2e65c7d0efbfac1ba96051d8f8f7c967b07917a,2023-04-30 12:43:48 +0800
22df22f1b1952babea6de5eebae64d8b0c28f7e3,2023-04-23 05:49:19 +0800
17830975a87fbae61f9631a965ef274040f9c8d9,2023-04-02 17:49:33 +0800
077ddbb0c1e69b5bc254ea0c8ed8c9a7dc3203e6,2023-04-02 16:11:45 +0800
1845140883b4bd3228385a556982cbadc19595b6,2023-03-26 10:23:09 +0800
5987b92af1ded1ad8cbd7ecc9d6403b8eb0d0ba1,2023-03-26 08:45:37 +0800
6dfd8584980235fab6118bbcf35df99207453fe6,2023-03-21 02:30:10 +0800
de303fa4b0008ca215ccdc559dcc6aa0b611045b,2023-03-14 12:46:08 +0800
48cdf7bbc82af714a5a5485c92d7da4f2fba3891,2023-03-11 18:20:35 +0800
279393ad4dddfd8736ed44a31eb578c91d5f1aa7,2023-03-07 08:04:15 +0800
6fe02972518973a9994b97e7d507d6346de2ddf9,2023-03-05 06:07:56 +0000
8360aec09b8640dc55d22a913cf7f8280f93b180,2023-02-26 15:42:28 +0800
604ad540e6167b06fb850c90274434eca1ee02cb,2023-02-26 14:00:19 +0800
c2f0eb1a5e533c65914d2aae771c1d35046767da,2023-02-26 13:36:13 +0800
0ecfe38b92e08efe2083dbbabf190776060b5190,2023-02-19 08:52:39 +0800
793c8a26699ca9187c6960842424028a96a04d48,2023-01-19 20:17:38 +0800
4cd2af10499ac6dc4f82bda179d9f414a522abef,2023-01-16 18:03:31 +0800
58cf1d554ce1c511c0d39c5cbd972b87cbec3fbc,2023-01-13 08:10:09 +0800
6d18d555c42e1cca0261a28ed2b6849ba0861748,2023-01-07 08:58:59 +0800
a7e2c5458bba1ebfb78f979b56add77f08f65184,2023-01-07 08:56:28 +0800
9347fe5df6ac0e579df7b75421578eedb5342545,2022-12-26 05:16:10 +0000
4d234b01e7383a22b5e0ded0d58966e13c8eb16a,2022-12-14 07:36:58 +0000
b3088cf560995676c96759ccc4a7ece54bb377bd,2022-12-14 07:23:44 +0000
649e9584793d4656b3f1024567a75650526ea864,2022-12-13 04:35:23 +0000
fd692e2ea82fcfbdba5fd1baa38d0223b0f95c44,2022-12-06 04:37:10 +0000
02ebe9ebf93ea52a91cc7910b2cf1b09a1843df1,2022-12-06 04:33:23 +0000
ffa3d4cb6b3a574d59572c516b7597bdfdd2275a,2022-12-06 12:32:40 +0800
c340da2aa5435f2b0d836cb096da6aff488b464a,2022-12-05 18:43:39 +0000
21bd2687b02c4ed78ce5868d13cce13e839af2c6,2022-11-30 11:57:53 +0800
ed9a938530886aac50fa5b84b3234e65e7c66f27,2022-11-27 17:08:33 +0800
f492e42a54331e4bccab029422bee68bc7c9ec58,2022-11-20 03:42:07 +0000
179ce618fc47c618afd35d0b51c61608f7e1c802,2022-11-17 07:48:11 +0800
dd6a292414d3e1547d5603c8daceddabdda6d6ae,2022-11-08 19:58:20 +0000
bc4bf08864ccd0a966f05c79936790f8ba1ff104,2022-11-01 15:42:43 +0800
1704b4ebe304de7cd6a6e05b1111ecc320094a4e,2022-11-01 04:03:23 +0000
9bf57a3a7b88125fc45217034d83e0447a127bfd,2022-10-19 08:09:38 +0800
67fe91fde8e15fe757345b744cbff731decac3aa,2022-10-11 03:43:42 +0000
267aefec592dd4bc618a236d090a958864ae5eb8,2022-10-11 03:42:41 +0000
c3595f2a4da42eca19fcca20010e489f09e6769e,2022-10-11 03:41:10 +0000
1fe688e822a047375ecab3a4695ba6828a697b5e,2022-10-11 03:34:55 +0000
c495ee8e41d85154057f28e4a3afe8d145b410e6,2022-10-11 03:34:18 +0000
83f8aabf59ba62df4d7827f2e6307038bb0a70e0,2022-10-06 11:03:58 +0800
389ea896b9c79e4183fbec46e94d0823bf2588c4,2022-10-05 21:41:53 +0800
d676b46c64de00adb96f08f8a491c5c628458d32,2022-10-05 21:07:54 +0800
61716e2db25641f51d22116260c162246ffc834f,2022-10-04 18:46:01 +0800
ca25b9de97e730fd0ff4441eee198cda3e779e4d,2022-09-28 08:21:40 +0800
3d2a3e67530d2836ae9be8e5f9549bb30dcc53ca,2022-09-23 04:55:41 +0000
7fa13a65530183c1ee424e14f7b92c3cbc1cd297,2022-09-20 14:58:04 +0800
f98c6822137c05e09cf9378004fd2ac5d92567c8,2022-09-13 18:53:19 +0800
e0fdfb21bd125c4e4b18fb5dd71ac904c26d04ff,2022-09-13 18:52:23 +0800
b2c7e81f0123b736fc16cc498886c6062e68a4fb,2022-09-13 18:51:22 +0800
806fcb2181e5cef5f40f4e57aa941fae53ee5217,2022-08-29 02:59:35 +0000
3fc12adc9da1768c60e8c273a41d08210f8c82a7,2022-08-23 04:20:53 +0000
93990b9edeceb54889ffc5f36626fc035eb28eb0,2022-08-23 04:17:59 +0000
01d6b21cbca2b46ddda49955d48d318b135f2c78,2022-08-20 16:58:44 +0000
3feaeff6b160cfc314276caf01e66dc70c5b2ab9,2022-08-20 15:51:44 +0000
9e781d4b7302677a112b0f177668931dda52748a,2022-08-09 04:38:48 +0000
60507969e43b6499a9bdc2d4e076e3fa82403c9e,2022-08-09 12:34:06 +0800
894c584496514a218caee01729ed1107ba8399af,2022-08-09 04:33:00 +0000
206efd9f6c2995f52059423ceb1e96e18786e76e,2022-08-09 04:27:15 +0000
c3299a83c71ac9f7d57c3963e61b2ef4ce2f53b9,2022-08-09 04:03:19 +0000
e4df9741a547dd8aae3058863f35529c88fa62ca,2022-07-21 14:17:18 +0000
1b00a946b04cbd89019b074befaab51ed7a02cc0,2022-07-19 01:56:48 +0000
e7ed4a5b182a7cc3cad32f406a8327e6c788d966,2022-06-29 14:45:17 +0000
4ab1cd90626390f326294c902c0cb5d999bcc755,2022-06-28 15:14:51 +0000
d47d3a84f766819af832332ec92566f104efcfae,2022-06-27 20:48:58 +0000
15a699d3b20afb99128c629cda22e6d65dbb9ccf,2022-06-26 15:46:46 +0000
37fb84235461494d9813c9a72a8719b878083fa9,2022-06-21 04:10:29 +0000
65e54eabff7d83d617344dc65174f44e8b2a789d,2022-06-21 04:07:57 +0000
b08a6b6dd2b3d585f6768d3d1b3c680435c371f6,2022-06-12 10:29:32 +0000
07c4f2daa088995a956d855dbe99c1f6a72846f3,2022-06-12 10:28:55 +0000
595ff75d781bb27aea3ee03c8f597c9db4e2cc78,2022-06-10 14:38:07 +0000
e713329dc2e1070ee2c2427a9efa65c53dde4f1f,2022-06-10 14:37:21 +0000
fca89f331220356fee518830757d1c49e627ab28,2022-06-07 04:35:53 +0000
9f5a317e6a2308ad86d7579af20d342d1ed762ce,2022-06-01 18:38:33 +0000
5fb279241c5dc6971d9d62557bc9e7f1e8735493,2022-05-31 04:42:09 +0000
5ad789c22f07622997e2a5672bc0d27ec4236247,2022-05-26 17:41:45 +0000
1f6eb4d6b581eb64fa827b0ff02902a10fab3884,2022-05-20 13:45:37 +0000
673c6b71012c25f80e4826aba40443cc72198e92,2022-05-18 04:29:42 +0000
7652a0cb05c3a47b73450882fb4a01034dfaf17f,2022-05-16 22:32:35 +0000
09dd7e946394322f1f91801e9df7863ceec7b969,2022-05-16 22:05:21 +0000
2a994f11ca81d919599efac0d4a68fef87044058,2022-05-11 14:52:42 +0000
6a7b5fe1ef0dfe90386059393adbd8b671f65d7b,2022-05-10 14:20:20 +0000
997e9ab3ae676c19a9a802b42ef9215d2b873e8e,2022-05-09 06:21:10 +0000
91e0ace506ce95d723b90f0e8569c63d67f58061,2022-05-08 11:15:59 +0000
fee817b79745881b3eb2221492e8dbc20dbbb300,2022-05-06 17:31:06 +0000
13bc411b9e8ca3fd6429763848e9905b097e18ff,2022-05-04 11:23:13 +0000
726587c22dc13970ea354fc0c92530de57ae1c77,2022-05-02 14:31:05 +0000
fb2272ee9eaf70022ce1a75cfafaa55f192f432c,2022-04-30 19:38:42 +0000
92ac3af51d38fea506d4ce83e55b31a96e2716aa,2022-04-29 09:27:36 +0000
76e31e9cb7f5a2cc7a589db59830d03ff5f2645d,2022-04-29 09:19:55 +0000
dc255907df8898c855a40ba796dcd333012d4435,2022-04-29 16:49:19 +0800
3d61926ee51448607c7e9a1201e585218ea3bb1e,2022-04-29 08:48:27 +0000
1a21b21d747a86b18c4ec39a49a4322b89606754,2022-04-29 07:34:38 +0000
690bb72c83199c7a25b331441f2928a52299e1a7,2022-04-28 21:17:12 +0000
129b8874f92182513ab9932bcb8796923d080baa,2022-04-27 08:31:04 +0000
35e99ff241062b9bb08e4167cc51d05691b58dd2,2022-04-26 22:51:52 +0000
ba2d9ceb7f55749f173999d56915cd4ec27c183a,2022-04-26 07:32:20 +0000
cb08dbaa689697ecd65b4d47ff12b4699bec867d,2022-04-25 09:51:32 +0800
1f61aa9336b418ee9f6fc919cae0be6b5e946721,2022-04-20 17:24:22 +0000
9a9c7100dfa95c5126c15aec82092bb899565dac,2022-04-17 16:01:53 +0000
70268139a65b5b96280b47b31bcc22c85a0b5a56,2022-04-15 08:09:38 +0000
9bb5a76124fac3202d36b21c42c1a46f96878e57,2022-04-12 03:57:14 +0000
7092799122e24af97e0c20678dffb814a431aca3,2022-04-09 06:14:33 +0000
e3e30403f34dde3cab9050b86599094039d22734,2022-04-08 07:18:48 +0000
2267e0bfda9c139bdebfa10240525f4c1ec46898,2022-04-05 03:18:58 +0000
a5fbc941f0f561e2afc1caf89d71582c8c5418a3,2022-04-05 03:15:29 +0000
b3e9be84400feb4bf8ebbc5e77d28b0d4c91c655,2022-04-05 02:57:23 +0000
600c4c2760a44ce48702707647587fd5704c126d,2022-04-05 02:43:44 +0000
6e366f414fef773b8fa0cb6cc58588198f5a2a92,2022-04-02 17:20:31 +0000
46a6f079e79fac188a990dbda4f2449673d9f439,2022-03-29 15:58:35 +0000
42b23807d16d7085e56caf4d3aa91eedc56c6ef4,2022-03-29 15:56:37 +0000
b22d207b264a5ca0c7a959e3f20558b9c53f8ad5,2022-03-29 14:56:24 +0000
170c5061a0e07a2fe88bab6be8f02638ec443c25,2022-03-28 02:02:40 +0000
ca55b93db101cabe35d67ef33496f8210b05ef91,2022-03-27 23:15:53 +0000
f43d1f4362759008e9f8ff49b6a5c9cf19d05fb7,2022-03-24 14:24:35 +0000
9aa09f4d1bc6b947233555b003df6559aac9f525,2022-03-24 07:46:25 +0000
ef5e32b5aab0542994fb05f5c3bc746dcdff2b1c,2022-03-23 18:14:34 +0000
e8d2d8e922c4dd4b6e6f65fde8d92d9086475f39,2022-03-22 10:56:59 +0000
7b0482a1434a507d45681a35a2ada18ffdf5a1e7,2022-03-22 03:27:18 +0000
c67896b3dd6b170778c6444e5d31b7ec67752841,2022-03-22 03:26:04 +0000
21da776810b20b509fb2f8443b4af29ad391f8e3,2022-03-18 04:02:10 +0000
e4eeb446b52acf18a9028d8dd16aa50ca9c47156,2022-03-16 14:59:59 +0000
299a5b3d055b87e6981b82c270f011357959eb96,2022-03-15 05:52:41 +0000
0d5bef77402506af2c07261b210709e67be60709,2022-03-15 04:36:05 +0000
8cc2995ec5c90b838bad3ea6619cea14de7d0abc,2022-03-15 04:34:53 +0000
5c94fd826342ec507a1021f496314b88511c8f4e,2022-03-14 19:46:57 +0000
6d01a166eba44d9a9226e119b7b86462a19f5954,2022-03-14 03:38:54 +0000
cea7bfe86f0fa2f0198a906cf02837f01b2121b6,2022-03-08 15:29:42 +0800
8af490e60c142f8100faa146c71b60fb1b804d0f,2022-03-08 11:15:36 +0800
0c2b915393fe01424c551007de4622ca4bb76d28,2022-03-05 15:43:06 +0000
ee673b5ba758024629e8b861c58881dd09e93abe,2022-03-01 06:03:37 +0000
9c5993d1c42a087896c6f0b2881650804988fe16,2022-03-01 03:51:48 +0000
cb527f752f7cc53e36a3f01e1a619f4923269ed5,2022-03-01 03:50:47 +0000
8e4b272946d4bdfd2a5f4a477fdfd3c2724a7ec9,2022-02-26 16:45:34 +0000
4bd8bf3391341761bf596b00497aec8e56470f02,2022-02-26 16:44:12 +0000
e14299761a1e00f00567d7db67a869ba9f62cd69,2022-02-22 08:10:58 +0000
4f098ee3ff2ae995e49eae3f159a427cb84b578f,2022-02-22 13:16:56 +0800
61851bc5a9f890accd2015ab6878cec8372c827d,2022-02-22 03:11:50 +0000
740c39c2eb8097f5543bed67390c1e2ef3877b8d,2022-02-22 03:10:08 +0000
31412e8b6f709382e2090b928b15c54124bc84c3,2022-02-22 03:09:14 +0000
fa58973f5f36067ab7db7a1b6d2e27ea8a71874b,2022-02-20 20:48:49 +0000
bc2452a0db5272208df600542fa7d233b6c69b0f,2022-02-20 19:53:17 +0000
b1a7fca0f7194860f8f1cb1747db1c96be4cc84a,2022-02-20 19:51:46 +0000
92e6fe88c5aa2131983d045b4dd35e8f2ed331d4,2022-02-20 14:09:31 +0000
f043e8642d80d4dcfd17759fae9547bcf038a714,2022-02-20 14:05:23 +0000
1dc675785b6296d034a517127aee2a79fa57dda5,2022-02-15 04:33:08 +0000
7411c5d1c8a6951d1f671774e1f68e2636a64332,2022-02-13 23:45:03 +0000
a0a9ed0743b0d42f9ae1ac4ffada6cdba013573b,2022-02-13 23:41:34 +0000
b8af34429d807552b7930fbb028288a358e2b7a6,2022-01-28 18:54:08 +0000
b8284c00d71a4c875b0975de24d74f00bb0aa181,2022-01-25 04:35:19 +0000
071e1ea0384d3eb86d2ce21f5c2353cb0ce066c2,2022-01-21 18:03:39 +0000
9f2515b564ad5b120d2a0fd3f4895eae4a81b866,2022-01-20 19:43:34 +0000
efb4e7c578f9ee5188414b2140ab7b4a9de1ec92,2022-01-16 18:26:02 +0000
a9b97bc040cabc40807637834eab2106502271e6,2022-01-16 09:16:58 +0000
6f24e75a307afbf3662efab2318cd13c3c90cca3,2022-01-16 07:45:06 +0000
2b1321742e9f1b718b52e164212010f78e771ad7,2022-01-15 17:26:16 +0000
2ed83e277aa3466959a06aa44ebea1ecd5ec9415,2022-01-15 17:24:26 +0000
cb3d9bb7da748bcf4bc8f4771b3346b469212c41,2022-01-15 13:13:51 +0000
28e3b76d149b5cff538bd7ad4973c2e5970b3d09,2022-01-15 02:59:48 +0000
0c2d71bce0030a77ffa3aa1049df99db368b78e2,2022-01-13 19:58:09 +0000
faf81ba75611d9efc026381a78fcea2b9d69071a,2022-01-11 02:27:15 +0000
7f95da6b6bcd763ac9b088b41502465f7b986b3e,2022-01-10 09:25:39 +0000
e7d22d1488799b45cc6276931938859db52cd8a1,2022-01-10 01:33:28 +0000
aa92203c4fa7b35532d3ea715f736f29ce801ba6,2022-01-05 08:38:39 +0000
e8104e5935a0b15d7ccbb000650f2bfe90525ba0,2022-01-04 04:12:56 +0000
8b3e46312dbac627bde98a9d859a36bc516285e2,2022-01-03 04:47:52 +0000
63f7e2cbbe001a91e352f3e8858cbf8bab5dede3,2022-01-03 03:46:00 +0000
f29f6768dddf66db3a43bb67bb1a977a6a6f8dd5,2021-12-28 12:14:30 +0000
5b426b5d691b6ab24b743bf105a1e6ef4b7559b4,2021-12-28 06:34:02 +0000
9728f7ab107d8f4f5ce5eff506143428c3ee86e4,2021-12-27 18:37:54 +0000
e68cf27da85451a2c4d14eca366a0c125e939972,2021-12-27 15:18:46 +0000
937a16f71244da3273c70f7478ef9d8a934ab309,2021-12-25 07:08:12 +0000
ed83f3d4184512f10f5834ed38a26462194d9a55,2021-12-24 20:19:09 +0000
ee8ead4669433e0de183eb7ba65a3e1e54091ccb,2021-12-24 19:28:17 +0000
230823eef00b69fc3987b8803ef6fc3fe40f0e2e,2021-12-24 18:45:13 +0000
4eddb4a4daa11196598baf4181b010f5466934a1,2021-12-24 18:36:22 +0000
40c8166a0a9a8c61926e54190346855c8b6b0147,2021-12-22 13:36:04 +0000
a1436e3dda20f1bfc4a94ff233c284aa51202a9a,2021-12-21 04:29:45 +0000
a0f5a49d74f01f00929c9d4e5048161c6bee23d8,2021-12-20 05:44:58 +0000
50f21b5b1e1ab986f1aaaaa0eb3633de97ae14df,2021-12-20 01:11:01 +0000
1a7113adf97a4fa4ec5cfcbb431837ef5906ef9d,2021-12-17 07:03:28 +0000
c15baa7fbe7bf314061559a8514be6220b66bb63,2021-12-16 10:47:45 +0000
78d6b34358a595113d0032f6663c1ccb54a29e1c,2021-12-16 10:45:03 +0000
2e49defe342b6566c4af75cb8e3a9d35e7906757,2021-12-14 02:01:28 +0000
3fed340a35fb224cdf0baa8a17f1e79beba23c93,2021-12-12 17:36:16 +0000
dd1c1aabf3438850f88e911bf55e42a39f1949b5,2021-12-12 17:30:39 +0000
8eb3e20a034ffb86aeb4328a46b22cb621ea0a90,2021-12-10 09:30:36 +0000
b84f772b514a45bb3e079bf6e9a84ed927e73a0a,2021-12-10 09:29:30 +0000
accdf4a011198bef29a1cb1698b40b562559797d,2021-12-10 01:29:15 +0000
8ef1f5137031e4c148b2d39903ae4845b6f038a6,2021-12-10 01:25:16 +0000
26ac0465a662653910405f60e27279dc30784c75,2021-12-09 17:17:05 +0000
5eb043fa9d230cae363ade6fc2859b5e9507afee,2021-12-07 05:46:30 +0000
e836bef1fbd06421f3b21fd62fe2ad62d72f6ffe,2021-12-07 05:40:31 +0000
5c29b3a3b7d7c32600071810c7e35408c8722f0d,2021-12-04 05:21:33 +0000
1133f2bb47b7eda81fbd181e51d474dc323f16df,2021-12-01 19:09:20 +0000
4ef6c66b8c388af2c83cc3536e4c9247f9825b9a,2021-12-01 19:07:55 +0000
695755b896fb28c7c2ac58e031cba162df9c7216,2021-12-01 16:45:43 +0000
247d3139cefd5aa13c108f78a638224365bcc1d8,2021-11-28 16:37:44 +0000
cdbe32e5ec383d294adb9708bb6ba6dcf8f98ac9,2021-11-25 19:56:26 +0000
74f6569d652ece46334109d22f285012b782c35e,2021-11-24 15:20:25 +0000
2fac1a927b9601378453a1eb09301bc32d52ceee,2021-11-23 06:37:52 +0000
12f65efa60db3f26ff7a86a81ea8f911d56fa14d,2021-11-23 06:36:35 +0000
966447524e67eaa8156d231d67fabf9ccdf6291f,2021-11-23 06:18:40 +0000
80c53a0e686090f5415a47d0f8166fe1fb60d3c7,2021-11-23 06:16:43 +0000
2e519d24d7f5000b3d24dd1511d62891511f1e36,2021-11-23 06:06:55 +0000
f4844c108063ed2eadd697fc8badb62e01315b5b,2021-11-23 06:04:53 +0000
b4de88b08f19285a561f27911c86877fa4e18b13,2021-11-23 05:16:54 +0000
9f018fa3d3f5066d4a97873070d25d640afa2b84,2021-11-22 10:51:22 +0000
fa4ab140c5be9856abafb9fe6253f632159a98ea,2021-11-18 18:07:11 +0000
8c8058af1dedcff635a567c16001cbde2f516728,2021-11-18 17:00:08 +0000
514bcf02ceca28dba0d56a57f3011b6f68eb4c36,2021-11-14 04:04:23 +0000
878ab8e0b8c09b699d1e9eefd57e0838bfac9b88,2021-11-13 16:48:40 +0000
6291724ae1fd4dc8b48eae5332bf123e86375110,2021-11-11 12:24:54 +0000
50ae48339df4a11d115ac4b76b363da9796a3260,2021-11-11 08:59:12 +0000
40904405f03f944d7a83da9d059ee1770e0085bf,2021-11-10 16:14:11 +0000
0ba950964456d94ccfe74dca967d3f78c71dcd87,2021-11-09 04:34:42 +0000
0f1eefd70e73abf4ddbdf1ffc77d5238a98b4585,2021-11-05 04:40:39 +0000
63e5f5c199841bd7cfb3b103252ae93cd3ebbde1,2021-11-02 17:01:55 +0000
d20fa007bea5968479b62d7fe362c5fbab539d3d,2021-10-31 14:43:03 +0000
81543ed7c4bdaafcb3b8f4acf9cc6b6a84a79f37,2021-10-29 10:41:07 +0000
e588327342b860c06de40751357f41bbaf8e4e84,2021-10-29 10:39:22 +0000
5e2e6a57ceafadb8bcea83d0046b2fd6892dab3e,2021-10-29 09:13:43 +0000
1fb665277a55f76a37aa23244b150fcd42683d9d,2021-10-29 09:12:33 +0000
dee3a837b13c030d35bddf14b5293d21da064e66,2021-10-29 03:03:34 +0000
0d4b9b82352a7ca34ad61556a8e69197ae83b187,2021-10-24 18:58:18 +0000
9ba44b975d3971664c9bd3daa9945d845a335251,2021-10-24 18:49:36 +0000
535770eaa1935d04d5bea13d326406e7c9286d77,2021-10-24 18:36:01 +0000
71ccbf50701da9eb0c5ef8f5d1fae372a44a1154,2021-10-24 18:23:19 +0000
1536c73c7a5685f753840a4d0122c9fa3aa70e2c,2021-10-20 16:13:02 +0000
90a9906f589f8f5c9ffba9062963cd3bebd78b6d,2021-10-18 18:02:15 +0000
8dc43d4dcb3ef682dd842aee9e074bd9d4f301ce,2021-10-16 17:22:39 +0000
0bca1ff4fdcaad459ea87f39e2f8ee9e3cacf416,2021-10-15 18:34:03 +0000
5040068d7214a46c52ba87e10e9fa64411293cf7,2021-10-15 18:09:40 +0000
9d54a09f5cece9c54a8c6df3b9245a31907e1e0b,2021-10-15 08:49:48 +0000
bf35b3a4f8c441fa5c6689c1f1b1f633fec1a7fa,2021-10-09 08:24:20 +0000
4199e5063fa76b9abf00507495f8a50f6e1e39b6,2021-10-09 08:21:40 +0000
60671aa925a91602167b35330936ba540f83bb6a,2021-10-09 07:28:18 +0000
7da8a7fb9bdf067a590879bf0b8b41ecda16d519,2021-10-05 09:58:18 +0000
f6e3e7bc202bdf11cd76190cf21943ac1479809a,2021-10-05 05:29:19 +0000
fca5f7ffb6e6e639f62ad9251b0bed5ab9dc5e0c,2021-10-03 18:38:08 +0000
dab2551a25eab753bf5bac5cc3db7a5a0ec39b99,2021-10-03 17:51:07 +0000
068cff0e5c95ce8eea8aa4808d419c329e3278b1,2021-10-03 17:43:03 +0000
4e4cfd9162218a8806bac11728c22cd161f18f7b,2021-10-01 16:38:39 +0000
61933c6b5a70a5fe3649ae6bac34e96b4da86855,2021-10-01 05:47:10 +0000
69ff22b567db19737ccd9cc5a0c8da89c2c53cc7,2021-09-30 13:45:59 +0000
6265879ed6482fafcbc278d82ef6416b61377407,2021-09-19 16:08:52 +0000
6bee3c1632242299d036d5a12f04f8ac69601504,2021-09-19 16:08:03 +0000
33201e6eaa1f1fae3f49793e7b006c7a5c7dc607,2021-09-18 04:27:38 +0000
99430913d41cf315b3920bf93b9684d0a303fb5c,2021-09-17 21:11:45 +0000
a2cf0dc848cf1f15fd07b77a93c6e9d0353bd453,2021-09-17 21:10:59 +0000
313115226787704ae267fac6e7a4621de479999d,2021-09-16 14:02:55 +0000
c7266b8bcf3a90763bf7debb92a01b9777396554,2021-09-16 10:56:15 +0000
d65f9ded9e4505e426335802c602407fe34e89f2,2021-09-14 18:52:17 +0000
c132986aec660c8bed2f7b8bd5af9bba0a22be7d,2021-09-14 18:51:20 +0000
0397f49485e352e3c41e3a55e8c12d4d5e1a7e98,2021-09-13 20:21:18 +0000
05d6430c625780d71b5abeeb51a2acafe6ac7e2d,2021-09-13 05:13:45 +0000
45f1f6f992936b2e681235c5ee7e18de080a9ad0,2021-09-13 01:20:02 +0000
84599b36775181acb0a8fcffb39a61d31368ee26,2021-09-13 01:16:25 +0000
9479ad7662f3e3db9f9fe7720746707e774019f8,2021-09-12 18:24:22 +0000
602739f4a19184cb6bae32a2aaa1cb76140b01df,2021-09-09 13:42:27 +0000
e90de17cf10a66e14a027161e725636ddccb87bf,2021-09-09 13:41:27 +0000
fc65e0c948411dfefb878755be1703e2638878d6,2021-09-09 06:18:55 +0000
bdf614751c616cbf46f320db2fd6619ef64d12a8,2021-09-08 19:42:47 +0000
77119d90a50fce18243606ed6a0c8466309b521b,2021-09-08 19:41:38 +0000
5cd74b996fc8ca3e1870e159fcd81e516b31b496,2021-09-08 19:40:06 +0000
ff1b958d47df3675228bf504217e5aaead825bcb,2021-09-08 08:47:50 -0700
6fa91e3176e831622c8a1432cc5eac349d6f00f3,2021-09-06 17:53:26 +0000
f621a32379b5af8dee77d242cd2e2808db1a040d,2021-08-31 19:56:09 +0000
9244defe205786d2af703ef5711ffee4dc89ac65,2021-08-31 03:11:49 +0000
160e1e44e2450fd39ac28b1b3b9bbff31dc82b91,2021-08-31 03:09:30 +0000
9b13ceddc679afe415b628dd466bf233ab95a1ad,2021-08-31 03:08:33 +0000
04c1c931a785e24b02acda5bbf49aaaca20dcd28,2021-08-30 18:33:21 +0000
0afb01d055d4270701d650b99b963bdce7ede314,2021-08-28 06:45:00 +0000
1ae1b7a4ec6ee0a4fe26e4b6afdb63b2d4e81c84,2021-08-28 06:43:01 +0000
998ced28bb553ad8753f9d73b5f3d20c1ccb7222,2021-08-28 03:05:17 +0000
fb5c0f9769accccf43684ad9b6e1378f02cb8bef,2021-08-27 05:23:07 +0000
acdd01f4a037a438fa3bbb0aded9094f5d863505,2021-08-27 05:11:39 +0000
314cb000c36e21eb572b9087cbf1719533d25b68,2021-08-26 09:44:04 -0500
ea79029bbb95e5c66abde07a1b7abbf5e6712d6a,2021-08-26 08:42:45 +0000
f7d4c9ed2c03edfe0715c0cbcabdf46e13bee6e9,2021-08-26 08:31:48 +0000
1eb3048f28542e3e288b17d32261e4a25c77d56b,2021-08-26 06:35:29 +0000
b73e60bfdd00c6ec4ddca39240b55e82b34d28d6,2021-08-26 02:54:54 +0000
937e61ecec560764ffa3e0496d9465372040c04b,2021-08-25 14:05:01 +0000
b2dc35db0a6ed07ceda6e28c2db4e7f9f7696a04,2021-08-25 08:24:02 +0000
3f7d47fab348fdf1486b8ab631f354fb69b54ee7,2021-08-21 07:38:24 +0000
a88dcaf2748dc334df7b297c952729c049ee7fa2,2021-08-19 18:45:43 +0000
81cd83e2636602612b5902e3f2f1d090a64b749b,2021-08-18 06:10:33 +0000
ddf02aab80df755ff87986813b2a332f399f9f6b,2021-08-18 05:21:52 +0000
bf52f6e6374cf833917ee7b795249b18f00a254c,2021-08-18 05:16:40 +0000
8188a3f2bce6fb5fc003a9b859855ee2c3ccc335,2021-08-18 05:08:02 +0000
2d15b720e21b5381dd5e5fb01e04557ffeef4d3c,2021-08-17 11:01:14 +0000
578ff512c5de29031e85a33623ba7a2a712171c3,2021-08-17 03:52:46 +0000
65e9834991d8b48d767a89b51875152a418873a0,2021-08-16 08:07:53 +0000
24391a0e225ab80297f89f2c634afe1f4daaa302,2021-08-16 02:45:24 +0000
b2b3a6e22a6f185b88a092f2cdb0773108af14c4,2021-08-15 14:45:42 +0000
dfd6df3a584b09990e088ff9ec073f369dd4d52a,2021-08-14 16:58:00 +0000
54d3cdc681c5ab8b619b7a599a4d7b100db91a34,2021-08-13 04:39:31 +0000
1682df28328462a8aafd6ef544dbf00a696b1a89,2021-08-13 04:33:00 +0000
9ed4cb6188bcc17f6590a2d3458d18ad10f3fc53,2021-08-10 01:22:31 +0000
5088efe6ac85eacacc5d576fb44bf517f8d940c0,2021-08-09 11:05:13 +0000
4b30e71ec803e3c8209a73477fdea54d8a463869,2021-08-09 06:19:51 +0000
63913bbed3dfd8a2d64b06a127c69482f90144cb,2021-08-09 05:55:48 +0000
1d997b4a3bebbb3b3df493fd418d68850b652555,2021-08-09 11:06:32 +0800
be8d662fe643a1014adf0d9018f0b642bc4bdeda,2021-08-08 15:18:07 +0000
802f8eb41a87ddde9dac177674d51cc489174bd4,2021-08-08 14:06:26 +0000
d75f4f2b429f96e49042991a3af9f1fff153f740,2021-08-07 04:41:01 +0000
39b65f1f9aad9a6ff25fc14506267a7b7fcb6b8e,2021-08-07 04:36:43 +0000
214582d7d643dd277f32c1c43e94d3301f3b3110,2021-08-06 14:16:20 +0000
19bd28b9bbb1e427456e1caa9b1bfbd51693ef17,2021-08-05 06:20:58 +0000
a94494bf4ba89d05b3e8680b3139736204781c35,2021-08-05 05:37:25 +0000
3bf0bf1f5d28edea5a4a20d0a1ef7a94805ed2b1,2021-07-27 14:06:33 +0000
6eb2eb115fcdcf33b3d088ac767321acc7714c51,2021-07-26 13:28:59 +0000
929294341ef5c9d9a423fad6f75da3406086efec,2021-07-26 13:22:01 +0000
6fe72e294afed2711556837c38457d26bad8f95d,2021-07-25 16:12:23 +0000
fc9bcaed71aa4db1d80b41aeeed2babab5b74d1b,2021-07-25 08:45:07 +0000
610535806c6208e53dbe0c2889cc944cf32835c5,2021-07-25 08:39:14 +0000
0c1d9c8a5f13411c95e14133c5d2698bf60feea9,2021-07-25 08:35:22 +0000
768c0308bbcb2778cf877c0c46ba3bef39fdd16e,2021-07-24 19:41:09 +0800
4b6251c0517051020bfc1e8eeb43a424e4b57e8a,2021-07-24 19:36:57 +0800
01bdd46edcd18e2f8ce285eaada492e28fc8224f,2021-07-17 13:58:48 +0000
82cea24256722a27a82234c95240803d49b5e0ba,2021-07-17 13:46:32 +0000
72be805fc4672f7f29c96cca95e16d59358d4dd2,2021-07-17 13:34:41 +0000
65b785e4fe0a11a9ccd0b787b85ffe886c6854e5,2021-07-15 23:22:37 +0800
23bac52ecc5b39911f4d72f6ec934bb038041d00,2021-07-15 20:20:09 +0800
adc083c8c13d6ac6d382d4fb333b5ca3bcdd2187,2021-07-15 20:15:44 +0800
8da9f478de9323dd098d06bbd52afdda3a27ce07,2021-07-15 20:12:15 +0800
faf991b003895f6ef5a7287a6ed0b6a49c977271,2021-07-15 19:04:17 +0800
75ac42fc633e174ba2c8b3098ec2ddd7817111f1,2021-07-15 17:27:32 +0800
37f70df6ae185103fc7c7309ed1e2e44b6d0c7d4,2021-07-14 17:57:05 +0800
50a77b44b416adae44a9b7ba487fd99ad511d432,2021-07-14 17:50:31 +0800
5a4e2e5171298678728d035f76d1547d88a112a0,2021-07-14 17:47:41 +0800
6797efb9a881322c57a3dfb79c1c283489a7f039,2021-07-14 17:42:38 +0800
145151aba9f34e4e1c4a04d4ccbe9dd80cb3b672,2021-07-14 17:37:46 +0800
848b6f111ceb69a0d34942b7f107c45d28461b61,2021-07-14 17:29:49 +0800
2030302c1055499fca21655dcd997e0aa52eed70,2021-07-14 06:20:48 +0000
b6f1ad937d12bea559d14246d60253da032dacb7,2021-07-14 06:16:18 +0000
9842769a0a64de895226c65a014d705846cd9980,2021-07-14 06:14:07 +0000
db95c951dc9d0a1ac33f9860d56f82ad175a3ea3,2021-07-14 06:09:59 +0000
5856f5559837b8c0e0ca7c5c32a410a5898126bf,2021-07-13 11:56:14 +0800
7b7a79c523e5d9734aa611841fc18e40c33c689a,2021-07-13 11:53:50 +0800
b56151187685b0ef13b5a1a4d90c4d06a3602537,2021-07-12 05:16:47 +0000
8c33f031868c6de8d8fb5ad4b79faec0807b7c53,2021-07-12 11:33:40 +0800
48ab638663ce4ff3ba104abe654f70deecaa13b9,2021-07-11 22:47:31 +0800
8dec01f9aef9098223c49aea691663480b69a716,2021-07-11 22:46:01 +0800
65c21f23a4f4af299e2bfa0988a4e14ea988c22b,2021-07-11 15:54:27 +0800
700e47129bdba4f8fe154d3d6c1fc995105eb6c7,2021-07-09 00:42:55 +0800
565dcc5b526445dbe9318cedef62636fae512fdc,2021-07-07 17:20:21 +0000
3ceebdcb755422213f5608f64dc01c2e314bcb87,2021-07-07 09:30:22 +0000
19f2dfdecc26a6f1c9d764c962f99a888035f4a2,2021-07-06 21:58:39 +0800
56bf9c16531156a48963f58cd3b5994b31b74b66,2021-07-06 11:49:56 +0000
1249590d78327f0cb239829cad5735b9e71097c7,2021-07-06 15:33:51 +0800
031b1c9cff1b377e21ca29058525ebef48afad0a,2021-07-06 13:34:06 +0800
20b76e65177a86a6fd1a911a4f0f5f768f24b03e,2021-07-06 13:33:10 +0800
0ac5607d5c40e7bd30409fcd382fa551cfc6257b,2021-07-06 05:32:08 +0000
c237717e81088879bb8974719ffa3d27943a7e39,2021-07-06 05:30:01 +0000
d67dc6727d3d81dc3bd61ffac9a06cc86ab782ef,2021-07-06 05:26:26 +0000
f2682309ac038c264e5f375686c5107d4853ed29,2021-07-04 23:52:26 +0800
8d56b9bc27b9f1041b530c12c887c6e0f822bb93,2021-07-04 23:02:29 +0800
5739c09bf1b0a6ad5169d76203a84cc778e3a56d,2021-07-04 22:59:28 +0800
c66a8c6e2ae92fcbc07571a1e7ee7f0991532c2e,2021-07-04 21:11:31 +0800
72b8b10273a920b19b5164f17be181f358c0a91e,2021-07-04 20:12:31 +0800
c0fe073627dd737d3a8df15cf1aadf408f984087,2021-07-04 07:12:01 +0000
5ef3a42da48893d69ecabdb4892ddcfd81e7cee1,2021-07-04 14:05:33 +0800
75275d400455587cabdcf4760c55878f5347495d,2021-07-04 11:06:21 +0800
8901fa1f79943257ea030cf140d9ce98a317f69d,2021-07-04 01:09:10 +0800
10a41504022c6158c19cbaf5d1292835806ed2e2,2021-07-04 00:08:44 +0800
4f79fc2846e66d90a723fc49645acfaf3439f2a3,2021-07-03 08:50:14 +0000
04d9d45824da8c184688f23a8180baa25bda1400,2021-07-03 08:48:07 +0000
3b230242a70119696bb266b4544409627ddaa3b5,2021-07-03 01:15:14 +0800
618dda079fa3df9e2ce0b0a2a6591856bece62e6,2021-07-03 01:14:49 +0800
54fb0b410022cf75f66d73356dd5d3fc22d65f32,2021-07-03 01:14:41 +0800
3d466cf3bbbd979adad87bebe41ccd9f6cec1027,2021-07-03 01:14:34 +0800
f22a6ecc4fdb5ce7f81171e8897b45f35aa824be,2021-07-02 10:12:25 -0700
b9792254101662554217170b5eae4c892f102c87,2021-07-02 10:11:34 -0700
1fa0a762e17ce7d8ae12c51b387dacdaa05015a7,2021-07-03 00:19:49 +0800
d3977d11dec6c8569bbd3c75fea08d2cb1506e64,2021-07-02 16:40:02 +0800
ca58ac9a86b15f9f7ecd88f458974b1541a7747d,2021-07-02 14:49:17 +0800
27567b7ab6053ef767252977976c71b73115c7a7,2021-07-02 14:04:57 +0800
874ab6a6524208fbba27d679888aa02b8e7cf2d1,2021-07-02 12:13:49 +0800
a6d11c155bc5967c0359129fd335de637676f64b,2021-07-02 12:08:22 +0800
b30d87903153357904d48d3743434d8501f91e00,2021-07-02 11:28:56 +0800
51f4252e9af47ea268f3be814d7e1a788ae721e7,2021-07-01 13:45:01 +0000
116cfad8808a1273fc84ade17a4aa7f243499623,2021-07-01 15:59:46 +0800
6478ac4e581f5cfc908a0f865b605c95247b6fbb,2021-06-29 15:58:49 +0000
e30641a145b384e52df511c3b7a9c2fa4e30f59b,2021-06-29 21:06:30 +0800
5b5d570fc665fd0f8474c3684412cb23abe4ff2c,2021-06-29 10:01:29 +0000
556ec0e648f5eea99997c47ce3f7f82ba95850b8,2021-06-29 09:59:59 +0000
05a806000e440b209e2310d8d242c86af03be22f,2021-06-29 09:55:53 +0000
75c12ebe54a49b0c077c900221c50b8130d8d512,2021-06-29 09:21:40 +0000
1c77153504a0f4ebe9daef68751db657bb9bea9e,2021-06-29 09:17:23 +0000
e8e2711164b7b3b36594e7f5fc7662d9edd74dde,2021-06-29 09:15:54 +0000
6c04b814e526a9a5da243fc05122d63df741cd4a,2021-06-28 10:10:16 +0000
7d2de63bc7866fe38ed3c57753fb22062619b60c,2021-06-28 10:08:06 +0000
85a87e89fbe339cd82bc502dfe139184794540e6,2021-06-26 07:43:37 +0000
e88af3e6f37bd110491a57ec2640984827adbe5a,2021-06-22 11:20:56 +0000
56bfbbbc0f6f0eaedd4c06fb0ad2d8625c3af501,2021-06-22 11:01:36 +0000
f24e25b9218b1ecf935d059b657197d6105563c8,2021-06-20 17:26:21 +0800
292b759a962d718a1672dfdb37b00b879010079f,2021-06-18 22:47:24 +0800
7430d03c29018ac22c09cf4fd64e0b0b269c3eaf,2021-06-18 10:53:28 +0800
60f83a26b375dec79e1803a36ef83400af5e6d97,2021-06-14 13:08:06 +0800
fb21e797bbe8e501484a21fb5c9847d05dd03d1e,2021-06-14 11:38:18 +0800
252a0e9556a78b3788437233153ac8feee636e91,2021-06-13 16:49:27 +0800
0fa1e22c8d29150e79e68702f84be1b085609640,2021-06-10 15:12:19 +0000
ddee8287a3339714a03e83c2ffce769fb24d0919,2021-06-10 15:10:48 +0000
13656d49a9f796c4ba798846b89c68d07d4f60ef,2021-06-10 15:07:24 +0000
2468ec50677ffc2e4ac8749c85a3e7c5044c2550,2021-06-10 15:05:34 +0000
23cee7dfa4786b00c3afdf7dfd2faca0ba30b4a4,2021-06-06 23:02:04 +0800
39eb01e5cf5641b78818ed3c32bc1d69e906ee07,2021-06-03 20:55:05 +0800
54c69c7866ba3cd4a647badf9aa96f91e75afb8e,2021-05-31 00:03:08 +0800
e69bed1dfe065bb8e77de89bf9ac4a98a4e6ad83,2021-05-30 19:41:57 +0800
654598bdfdab6f63496a02e00cc45f9e5575fc39,2021-05-24 14:18:02 +0800
d34e523cf1fd600e70e504e94db9a5af9978f2e0,2021-05-18 12:00:20 +0800
94639069d3fd6b1f1c993669f24d2928ca0873a8,2021-05-15 09:38:30 +0800
941eedbc16da95a77b2ef8dd2ddfc1a08401ee10,2021-05-14 10:23:04 +0800
72edff68224540937b31917fdc035542d727b26a,2021-05-11 16:11:31 +0800
f0bfa55066d5e9520cdbee632d52f8997d2175c9,2021-05-10 21:13:25 +0800
17ffc4ef8220df33f5a11e83fdf45f6fde212296,2021-05-10 21:12:32 +0800
573748d78b794244af4a4157d6d54b1135d9bba3,2021-05-10 21:11:43 +0800
9b43837581108f82bb6999030343eb9e94795fd2,2021-05-09 15:19:42 +0000
0669b668c76dd19534fa29457265b1e34746c593,2021-05-09 15:17:08 +0000
ffc415f9b68c1d36554e0c59076554c90b03e69f,2021-05-09 23:03:26 +0800
244fca958459d229ed5cab1cb921304cad3002a2,2021-05-09 22:34:12 +0800
27db85e9eac8ac8fec432d6eaf167be57f601948,2021-05-05 02:54:30 +0000
5c92f1e644b325e46fd554338b8a858179b6f73c,2021-05-03 12:32:00 +0000
1fdd707a5b6b03ea08b5e54540dd1753a22a8419,2021-05-03 12:30:58 +0000
3c8c1738e9411f0ea3394410b56cc09d1492b378,2021-05-03 12:29:51 +0000
d821cfdad3789558312037d6946d37086eb683e0,2021-05-03 12:27:46 +0000
4832fb2f89ec8d25e31f7c15296e1c5e1a3d72a7,2021-05-03 12:25:26 +0000
d4f80afd3377a07f8c8fcbb53eb98e7c48c768ab,2021-05-03 12:09:55 +0000
05aecadccfaa119dc11c7879737089336d36a0ee,2021-05-03 12:08:38 +0000
b4de7ea8ac0f574bc391b2476cd38dd9e9df7bb3,2021-05-03 19:38:10 +0800
322d190fb612089febbf909d55975749551dd921,2021-05-01 16:23:04 +0800
57af2ce4d66ed1a88cdf4682fd06deee8975ae99,2021-04-30 15:56:42 +0800
da51236071a7f30c38c7a05d91a019054d44631f,2021-04-29 13:12:38 +0800
4df27cfcc3d5704acfd6a049076777023cf72858,2021-04-27 16:22:08 +0800
2b3903e84468d28256cfa86979dfaff1aaebb32e,2021-04-24 16:42:03 +0800
d68a4d724478f9964959732adc4c6a4deeff67f7,2021-04-23 11:57:42 +0800
503d8981374a746cc9be4fa30ac662f46ce7673e,2021-04-22 09:36:41 +0000
b0ea9583d24418653ef341681d68fedb40219dc6,2021-04-22 09:35:35 +0000
2e6c387d461dfa4a066a50640327bcf5f55e43a8,2021-04-22 09:33:21 +0000
860c04301a806466d261ecee7d3e8cb4a58bec0a,2021-04-22 13:48:21 +0800
4fc62996842a6ed727007b3e878e9d8d554e9991,2021-04-16 16:54:03 +0800
c95d7151ba45e743ed75701e6c794a028fa6e45a,2021-04-16 02:18:50 +0000
70411b9f9ff88891b415e317f77b15522f7e093a,2021-04-16 02:17:20 +0000
3ac26033844e0d98250383c6dfe71dac26be8048,2021-04-16 02:11:06 +0000
6ad9cd3ccc1f0f7b28667791bdde1d4bcdc205cf,2021-04-16 00:12:16 +0800
808f84ce7118d95e917a0cb089083d3f17c1e296,2021-04-16 00:01:04 +0800
f74954de626039aa3cff1228ba311ca7bc446ae3,2021-04-14 13:59:51 +0800
3cb2ecd1c41dc948445be138f4a834304ce4dd9e,2021-04-13 02:23:11 +0000
a7452aab19bb77e30061afa3971b893b5d618d16,2021-04-13 02:19:31 +0000
95651d8cdf61e3215144c28b74f098d35613aa57,2021-04-07 14:28:19 +0800
31f8d332e3560df3e80d9d45db7fcb69e0061c36,2021-04-05 06:50:31 +0000
f53e3564a270e57690edf0e58a8137a78d9eca3e,2021-04-02 03:13:58 +0000
8c145f50c55742ba4a9456ee439abd279f4e1d23,2021-03-31 15:31:26 +0800
1c5e3cb8c0424882b6eb1fe32604c5148235346b,2021-03-29 05:07:52 +0000
2faebb8efd69833853f62d89b4f1fea1b1718148,2021-03-23 01:35:16 +0000
436818487af75374780679c1c95e80f2872ddb1e,2021-03-17 16:32:22 +0000
7b30fb6a908e715f6c5c237f29485645355f4e52,2021-03-17 08:58:24 +0000
a4b4e37d832e3270ee16c9c1f296dcb58a328e1e,2021-03-16 06:26:06 +0000
d0a88e6f1deb218f8d98cf50f8169fcbbba7bb2a,2021-03-16 06:23:44 +0000
58fa4576ce520ac74d4dc1c9a45e0b0af870e27b,2021-03-12 01:30:53 +0000
cd56759dc14e6e4a2eab5c0374fa4d98c14e76cf,2021-03-12 01:25:18 +0000
395d0e56abd7b20398021ed8e4465fa3535496b8,2021-03-10 09:34:45 +0000
66907f3f259cdbdc12a38aee6a6e6ef314de467d,2021-03-10 03:34:43 +0000
cb16f703bfb25943f8f2f38ca08fc13c4f28b069,2021-03-09 02:53:13 +0000
c8620b489b2ea227b6538fa426020045f1351546,2021-03-09 02:32:59 +0000
40e613b427f46f6c8bde23cb54ae2493aeafe03d,2021-03-09 02:28:26 +0000
d27705a1fcfda7c17013ffa8e3dc8edf14d6c209,2021-03-09 02:22:48 +0000
b2facbc00f676dcd98a4cc425d049250d4793547,2021-03-03 19:09:00 +0800
b939740f58c862a7e0211f149162c07b13692afb,2021-02-25 08:40:17 +0000
0aed2d767fe07ba51f44677ae3e4638f9eb1b6a1,2021-02-25 06:51:21 +0000
cd86cb836f8176efad82aaedc37a1c28b894fe2d,2021-02-25 06:47:07 +0000
90177bc6f9e6874484a0976d924635179f110299,2021-02-24 03:08:46 +0000
f4a75fc8435b16bcd6d3f437de1bc68ea1822e12,2021-02-19 14:48:30 +0800
7c44fd2146a87358cb377d23d7092a985767882a,2021-02-19 05:33:52 +0000
58ad9bacdcfff05ea45794126e410effcce62baa,2021-02-19 10:21:41 +0800
1069e46c39d66be7bf4f845cae83a7f7e6fa73ed,2021-02-19 10:19:37 +0800
052425d1c204f5221837d23a9768485c6d10b761,2021-02-19 10:16:11 +0800
b0368d8aac39a8529730c5f9d24b10a720f2cd66,2021-02-18 02:28:23 +0000
55e4584aaf904b4a8651775c8ed11dacb848e00e,2021-02-18 01:22:11 +0000
32703611fc3be861d48343b15eb697f1afa4d79e,2021-02-18 01:19:27 +0000
772875f731a3db99175db1d218b8b6acb2486a83,2021-02-17 09:27:34 +0000
eb0b4d294d8140ed2c1b3bc180ba53336a57ffaf,2021-02-16 02:27:53 +0000
18bd0cd79822b5abfb8d6699cbbeae8ff1d0547f,2021-02-12 19:32:31 +0000
56d14208b8174607c7fe0bf22526f734a067f3d6,2021-02-12 19:27:05 +0000
7421ce25255b6a6ade901a3d1c7543de49c22b38,2021-02-12 15:10:19 +0000
0c5672d76cc3946d8c055018643cbdb3b73fa7ec,2021-02-12 15:05:25 +0000
b4b1381a14c63e4fc2800f48d983317bfd875411,2021-02-09 04:49:56 +0000
feff4c1ae1204298e1137e46bb64bfd7a5463ac1,2021-02-07 14:57:23 +0000
c17c53dd03305ad83a535313a7e3a8e1cb24cf87,2021-02-06 15:00:53 +0000
80116f8f13d60bd2ef425f8c2f31c2bec1e00afd,2021-02-04 23:32:12 +0800
189448ad36796d2738b1c6c22dead309746a6761,2021-02-02 13:57:13 +0000
e28acdc03a9e996da2095bc27c6d1cfca45eec72,2021-01-30 10:58:32 +0000
ade9311f74abf41ed8867e1e76e4ee76ca24c0e1,2021-01-30 04:33:55 +0000
4e22642478a29d1c98b388a9fd1d1c27fb6b5bae,2021-01-30 04:12:17 +0000
f60557fc7b5394a7b584d5fbbf2bf6142a3412ee,2021-01-28 18:29:09 +0000
195909599c900f19f21c590ba72bb164841db252,2021-01-28 18:27:31 +0000
9607b3c9b9955a64245dcb48dc882c83510ddf99,2021-01-27 04:51:50 +0000
9a2110aaf70b010454413f67744903d54a966ffc,2021-01-27 04:44:18 +0000
9d3ffc3e2df5c243c6cbd2e1dfdabda792eced0c,2021-01-27 04:40:01 +0000
97309d874fae744e507ac6c0c149598a50bcfe87,2021-01-19 10:33:25 +0000
669e0f5e562395995c5fa3162dfaf46d003e8a73,2021-01-19 07:05:11 +0000
a2c1e59d0efb498e42dceaf1264b9ebb93caf76d,2021-01-19 05:47:17 +0000
3e0f41c53b15e412dd5167b910f36a075c3744c6,2021-01-18 06:39:21 +0000
6e988c77f81eda3eca5c9cb04f6b41039d2ef185,2021-01-14 07:58:49 +0000
80de0787ea87da8e2c4017964171886f69955790,2021-01-14 07:08:40 +0000
8a18748ecebdf4541db2511061be718f751d57c5,2021-01-07 03:12:40 +0000
0750ffc01bac393fd92c18a54559a57710bf860c,2021-01-04 15:44:10 +0000
2aaecb89be66d26f042649df76c970f1d7f257c4,2021-01-02 14:32:17 +0000
2168bbba1154193d33e82cfc33ba2a16fa3dff62,2021-01-01 15:43:12 +0000
4515abfcd14e595b586b7fdbec134644057cb1a2,2020-12-30 23:56:58 +0000
706ded5e487ba56b9122f9926b2e4b7f6da0663e,2020-12-30 06:15:06 +0000
853db6c1c1f55b5a2bc7dacd80a700eeb906cad9,2020-12-17 02:03:52 +0000
d104080a926d30bcc45ccd740f9489dd7365d0b5,2020-12-16 15:35:36 +0000
78f3e74b7de1ec51cf2ae8e6f4247975557f0f5a,2020-12-16 15:33:55 +0000
3041ef26ad04c0bddd2257a28694aa4e2b4cc837,2020-12-08 05:13:56 +0000
6ec50ec4b96b42338e3cefadda58129dac0919e8,2020-12-08 05:08:16 +0000
18b58f98b3ec75053d8fc206176497e9d4a17981,2020-12-01 05:07:11 +0000
78fe362330dce9af2ea0f7f3de3d35abdc80113a,2020-12-01 01:15:46 +0000
9b669b8c2b9b4a5858cc11fa7a8b0ce46ad571a3,2020-12-01 01:13:40 +0000
f4670ad8be4c94a60c3b0fdf7716ebf6837404ed,2020-11-29 23:32:51 +0000
514fa33e0c6143cde51c965aa1f0427f16829b67,2020-11-29 21:40:31 +0000
c360271fd35004e442c8e94c56fc70b66139cbb1,2020-11-28 06:40:42 +0000
1a58d0a596cf73265faf577f2456e10431338642,2020-11-28 04:56:53 +0000
0c28117a5f3f374c161f56d1de8afe75d1ea0435,2020-11-27 06:35:57 +0000
4c6f7f1e105a4cd700f4b41c02db2d955de82fc5,2020-11-26 16:28:24 +0000
f5b4e5328f110d36ceac1f5e68f494d58915b75a,2020-11-26 16:25:04 +0000
1c51cb2b60b44ebc87af1254c3794dce9a3ddc37,2020-11-26 11:23:28 +0000
d29ddb128f80eb7136d7894b21762443df3cb8bb,2020-11-25 00:58:22 +0000
cf47b7be3231e51a23f1f573a2fdce414c15a2fb,2020-11-24 11:40:19 +0000
fea8f18c7205874da708c32ff2afea34898940cd,2020-11-19 00:52:52 +0000
126e51811f78503d260758c7e5d2a9b1dd2653e8,2020-11-07 06:14:11 +0000
a59bf9ed73d11a0e4026c69aa5138ec3b5c4e333,2020-11-07 06:03:31 +0000
4d8c814d31850b6537c43ec997a6092cd28447e6,2020-11-07 06:00:11 +0000
3b3f353f5350214aff55f01cebac5599de0a3632,2020-11-07 05:53:07 +0000
fecb1b49953b4378646d27846378976c683dd2f5,2020-10-31 07:06:17 +0000
2f48998c45ec087dcf06ca2e59cd8b077d7f24a5,2020-10-31 07:04:56 +0000
426c30b70b0ad3e9a292e42d576a47c0528d680d,2020-10-29 12:11:13 +0000
6250f659b30a886b09160ff8c418ce682c046587,2020-10-22 04:17:44 +0000
d34b374bee4c035c7550aebe5fffb3eeff882e9b,2020-10-20 10:16:46 +0000
2ff3339311e7c7e1be1936a8e64506fbd14fe2aa,2020-10-17 09:51:10 +0000
747b8cd81f04f949750db1830c78cafc120c7438,2020-10-13 06:40:08 +0000
17579750e490f9a8eef8bb1cce3e2f86ca7cca41,2020-10-13 05:51:30 +0000
98e361b5be79739150f4b4097b0e7d563f695fcf,2020-10-12 15:53:22 +0000
c715e759671827977b5136faa3887045c9b88c30,2020-10-12 11:06:16 +0000
f8968031b8f5a267e3ea692d897555d1674fb58a,2020-10-11 14:53:46 +0000
c611879a293801e3e8f990d786248d0cc87af95a,2020-10-10 00:53:50 +0000
5bbaefed6530ceec391a0b19dbb2d0a6cbf0bd5b,2020-10-09 13:02:19 +0000
3881dd1b5775ab9418796c2bada914d30d030c38,2020-10-09 13:00:34 +0000
5f63b7e075356862f859faf3ce73d3cfae4cd1cf,2020-10-08 02:55:49 +0000
7c65e8c7532ceeed155803fddb232ab47f6364a5,2020-10-08 02:53:25 +0000
115b82821c7d5166fe88b78dbcd6c37f6328d8bd,2020-10-08 02:49:34 +0000
0e5c92bd5426dc102751de393b82d21c0a467312,2020-10-08 02:44:25 +0000
b61f1764db67d22ddbce3fb149ccab579d420ff5,2020-10-04 15:40:44 +0000
e53283cde3a464ea2050000d2b44f73b2182294a,2020-10-01 10:26:46 +0000
de55c415d101775d8cc8c5d4dd9f18b7a5d1f315,2020-10-01 10:24:56 +0000
b0602b19961838eb0afe7ad02dd1253913412834,2020-09-30 10:01:41 +0000
69977a45e15573f7a335516e5db855c92ea63b1b,2020-09-30 09:50:02 +0000
bd7578cc28f8280f9170938d4469fcc965e24a89,2020-09-30 09:45:21 +0000
412ca79ccaf17221a3d18640e2c5b5dc5406b202,2020-09-30 09:43:28 +0000
b2d3eed82b678c3243079fc25e6b47d44c28c841,2020-09-29 00:56:03 +0000
5934a71650df76f6410444cb23fc088fe5ac9e9c,2020-09-29 00:54:36 +0000
b88940b84829f6fd4f9a1e83e4020cc71b0d3077,2020-09-28 15:05:50 +0000
b47e43fec1209d8dc5f273798d0484a26e55b7d7,2020-09-26 06:39:14 +0000
baf06763481fbc850351774f21ce53ad9434571b,2020-09-26 06:36:14 +0000
1cfc0b1b375060fdf814ff1e517a2834d7df1ba6,2020-09-25 02:24:02 +0000
cf7142dcf249ffc4b33e4174f37712ea4cd2486f,2020-09-22 11:51:10 +0000
d5b5a265765468888c0313f7434001d606dbb1b0,2020-09-22 11:46:58 +0000
c93016a586e4cef54abfc36ad13ec3226f61e619,2020-09-22 11:45:24 +0000
5bdec19e932aaa11eb191ef159858b60851340f0,2020-09-22 11:43:09 +0000
24c22949c49e83792969b0aae2de8dd7a07408f2,2020-09-20 02:34:13 +0000
3d1952442aadb4d7ba74636424cc2c557a3c84e7,2020-09-18 14:31:54 +0000
329fec8e53355b9d3465b044c9e7c75b96c31e80,2020-09-18 01:51:15 +0000
eef782de8387664b26e608975d5c9fe62176df34,2020-09-18 01:46:10 +0000
96a16f80db12bebd8c7749bdc1d656d18d71a64e,2020-09-16 06:36:45 +0000
78f60e3d9d628c79b863bb07f711975ad5fe0075,2020-09-12 07:56:36 +0000
57eb259f6aebc2e1c918eff7ae13d027f0ef891d,2020-09-12 07:51:40 +0000
81a9ff04dedc4dde7c07d8846a788b0a5c8ed779,2020-09-12 07:31:10 +0000
c11622acbeea33d3fb7a38da8626c94283c0d6a4,2020-09-12 07:26:44 +0000
6b2c3a00f5cd51caf7ff70e693c3674861b8bc33,2020-09-11 12:50:40 +0000
e73377d149754729e9613bab7d1f43cbd74cc2a1,2020-09-11 10:10:55 +0000
cb0122bd072c9d4bb39b7390fdd7dca4eeacaf1e,2020-09-10 15:48:02 +0000
e7c75a7d5657038463afb9225d75fd71e4545ed5,2020-09-09 15:25:42 +0000
6dec6e13f229c6bc216c785bbaed827c10cefd30,2020-09-05 06:45:02 +0000
89cb8f65a32bd085bbc364845f2f748ec14a0280,2020-09-03 14:59:23 +0000
d7fb51a196f3583af3a2190e1aa14b18f19177d4,2020-09-02 15:12:04 +0000
113662272f92cb6d9d32876eead5f874a19d2a87,2020-09-02 15:10:45 +0000
23bf9c2eca61d306008040f2bcaf7178ef955f49,2020-08-26 14:31:39 +0000
a4b8b94112ca756038f914fcabe18500d66619a0,2020-08-26 14:29:30 +0000
d65ed1a89ef77b7d0ff05ed674c4bf122a635c55,2020-08-26 14:26:29 +0000
534d7ee2f32e7795b7b856c64919b549b7aec4c4,2020-08-26 14:24:06 +0000
29d5fc593d7a36a7422020282d211e44c75aa02f,2020-08-25 04:33:39 +0000
488ee3fe1974b00da260f1c9f63be8e0c194415b,2020-08-22 14:24:25 +0000
1596b2f2fb764d146c67c49c9a7a885e9aa1808d,2020-08-22 14:18:46 +0000
689ae3cd4f18c8b8941efb35896bed2f037b07e6,2020-08-19 00:37:50 +0000
3060ef754d26b7d1e514cd0e2836cf55ab5e8ab2,2020-08-18 01:48:18 +0000
db201cd06719cc7dfb994f5c7a071bde8c71d021,2020-08-18 01:26:29 +0000
adcc77b29e5a1b411755e2b8dd2bf12407e17f7a,2020-08-17 15:00:38 +0000
7ed7cf0564faafb722693237e2a0b25a8eb8eb8d,2020-08-17 14:49:31 +0000
345ca8500ac829b32ca2e5a6d7c9200b1b0d28ca,2020-08-16 04:06:52 +0000
393699828a7890d596a75c3de9d66098766da190,2020-08-16 04:04:49 +0000
cc9dde59564a58dcbcdc22a183e88fb2a90cdd6f,2020-08-12 11:29:04 +0000
517083e79f0bbe723a585831faf74f45aeaee8ed,2020-08-12 11:20:02 +0000
66754b07f91fb2b489660fe1c221e1a9a01d10a6,2020-08-07 15:57:29 +0000
c0a19e5bf49da826859745b50227c588f6966a31,2020-08-07 05:07:27 +0000
c93f256d6f400042fe464ef893e4a33d73eba5c7,2020-08-05 01:27:00 +0000
d43c5cd6244082f1ff2d90e6cca48ccb37d1214f,2020-08-05 01:22:59 +0000
98bd8507681cb3581142073710ac40184813be90,2020-08-02 16:00:57 +0000
e5d7f0fb1643efb99b1b8e89a5f432b18ea2e4a2,2020-07-31 15:24:20 +0000
76a236a63d28ffe2864e5424f09760a3568a84a3,2020-07-31 01:22:24 +0000
8260a08a4bb155aeebaeb29844197c68de39ec3c,2020-07-31 01:08:37 +0000
de555829b6c46e52fbc6eba7f518b19c1fed8ecb,2020-07-29 14:02:01 +0000
539e9f38d219eb6042ff42dfd1cc6160f2b12f68,2020-07-29 14:00:09 +0000
4f685c051a8511e108738cb6a257df2cad662131,2020-07-29 13:56:55 +0000
5d5eec32abcfe62ffea108e67daea980672f327f,2020-07-29 13:52:22 +0000
5e8f0e90823b927ce0785e545bb83da0323d18ad,2020-07-28 12:12:06 +0000
6ee7105c23e12e92cff74e5ee4e77afee08dfb97,2020-07-27 11:59:27 +0000
e580802d893ff2a3ebd53f022a13a727f60b3f03,2020-07-27 11:56:37 +0000
eb4837d285a83f70d5551fb8698827629c1082b5,2020-07-27 11:53:09 +0000
99ba038f5397cd262126e48a507e050c12f79d23,2020-07-27 11:46:04 +0000
cbae6ef61e980a0730015a4b309e4f0d2667ddc9,2020-07-24 06:54:56 +0000
cfd1011415d8d3154438941d98557a8bba678ef8,2020-07-23 00:56:43 +0000
73e40c58652b9eedb90e8904f0c602117e77c6c4,2020-07-23 00:48:54 +0000
dc0f409151202033eab925d2824cc04319e09c3d,2020-07-20 01:05:39 +0000
c9b9b32f8c320d1707acac342a20842d69644022,2020-07-15 15:11:23 +0000
d11db228997c3a12e1f9fce70f5f8776b39c0b74,2020-07-14 21:59:51 +0000
f8ae898fdc3adbb5a5f03c2737119c1ea0f8f2a8,2020-07-14 04:14:59 +0000
d8daeabab02f9b91900595f943649d152161e82f,2020-07-13 01:31:38 +0000
225299299e6c8cd790d092ad03041f6af1401a82,2020-07-13 01:29:19 +0000
5d0d7e76579a63f2a512b3572913ce8549be9009,2020-07-11 08:04:01 +0000
c5b256ffcbb46d8a491c3fb9a4112610ca740e33,2020-07-08 00:22:36 +0000
24d18c0b7ad2a26c7b46c4d68196c92845f51077,2020-07-06 01:46:30 +0000
2e69ccc11a8e38c60867ea82168f7d8ae7139492,2020-07-06 01:33:37 +0000
b85d4099bf0634f99691fd5d80a5e9408561f678,2020-07-04 14:31:59 +0000
919d8c006701a5462c546bc136957365c83fa7c5,2020-07-04 11:30:40 +0800
ca2af0f295244f8e3bc99890c1cdf9ef7ec5bcf4,2020-07-02 16:21:09 +0000
3c285b051b2320228af15342768cc1149f833e8d,2020-07-02 15:47:03 +0000
e0d1294a316f162fe9e48824ebce82e9012b5194,2020-07-02 15:25:35 +0000
81dca71416f8605f765cdb250a6c776f16fdf59e,2020-06-30 00:31:26 +0000
293d9ce78ce79314ddf41dfe50d9cc0d6d2a7078,2020-06-29 04:42:25 +0000
96ea98ded15296ef8dfbd9015f61e719f0d4870f,2020-06-27 15:37:56 +0000
4f8e889a09b92ec38916c9aba0ec19cf9eb54d64,2020-06-27 15:35:08 +0000
77e7c01cf2839110a4454cf76c8ee4da40f03cfb,2020-06-27 15:24:05 +0000
1ae00ff6eb328040fbf8e5ccb2ff49de1efd7714,2020-06-26 19:12:54 +0800
f0b3110bebfaef1326b3000a8a72f5d62d6ed11a,2020-06-25 14:53:08 +0000
3968cf4375bcc2098d926bb55acac17543b09b44,2020-06-25 07:51:35 +0000
2f5ae23d983aea15959e1e6b3777817aa86658e5,2020-06-24 16:19:14 +0000
c5d87fc5433f8ad65526768a17be205752a9fe46,2020-06-24 16:07:47 +0000
66c0f7ea5e636e9e0508f605543a6e35e1255c29,2020-06-24 15:53:43 +0000
7d66b3b138e0b00be215ff9175c5a6e305890d3e,2020-06-24 09:50:53 +0000
9de3847434bacda46385b8fd09320fa273fda070,2020-06-23 01:07:45 +0000
f48e9fe97a79bd4b91c7b79ddc8c362858ef8132,2020-06-21 13:55:35 +0000
a6e9fea1d11095c2970d2cf71150db19c6f5b8aa,2020-06-21 13:50:56 +0000
c7bcdc0ec9de0e2f09b235f9c1e7ad26b33ace34,2020-06-19 08:33:19 +0000
3d3c075d7702351604ee80ce996f90b856638608,2020-06-19 09:30:26 +0800
0f281cad18ed5c1549b1286a9358a1eceba5991e,2020-06-18 05:46:02 +0000
04f48c528004fb9b4b661758c5c410f12e68efec,2020-06-17 02:43:41 +0000
4878dba1e2d73ff42f6bc2650342213ab3b04fc5,2020-06-16 07:48:46 +0000
f9483ddcfa578498747f5118c9e4cd56f7ec23c2,2020-06-16 04:57:09 +0000
d8b1b38fcaa331cfb2aaf79b9d26012137046b92,2020-06-10 10:27:06 +0000
9f5102ff3e2171dac0a13f2fa66efee61d7c1812,2020-06-10 05:01:16 +0000
8c7a219683cc30fc12fe20ddf9fe7fed4748145b,2020-06-09 01:04:43 +0000
bee4ac42f4c98a2c28f69e96e436206d1d822fcf,2020-06-06 14:48:20 +0000
037901e15621b72b75b918ecd35881c6de60abb3,2020-06-06 14:43:18 +0000
7fb29a63b32811edf8f3ac0dd4f797eba7b071c3,2020-06-06 14:34:21 +0000
29bc4fbc5c2fd47d3dc6844bf82cc72cb2c1b37e,2020-05-28 12:03:43 +0000
f02311c0e322eb3be0da28458182d1ccdf4515a9,2020-05-26 15:18:49 +0000
69f3a0fd29b19415281f3aee7e6b3010d0b058d3,2020-05-25 09:18:39 +0000
931e147c98d8796fad83e3becd7324672ced41e6,2020-05-25 08:48:36 +0000
7424b963a7e3c07ddb2819a3d65826bc597a7c46,2020-05-24 09:24:12 +0000
20f4718e4dacc87eb6de336034112fc774853022,2020-05-22 03:05:00 +0000
04407525b77488d0573a2a59334e83ac40e1f818,2020-05-22 02:52:00 +0000
b00e5aae4544536aca8f4fbcbbd1634499e58c8e,2020-05-20 14:41:59 +0000
0bf5b71163fa366b1f91e7d9c5b6e4ce02b827b1,2020-05-19 15:30:25 +0000
e5bcea382c74047e2503a4ba891eb19fed813b7c,2020-05-18 15:47:55 +0000
9c2cdf83beaec7f3ad24066b3a83121ef0e0b370,2020-05-18 15:44:53 +0000
4f5114b96270b9d7f97048cac362d586444a52d3,2020-05-15 12:40:40 +0000
567aad99cd885737b0607c5530cd219c5aec58bd,2020-05-15 12:35:46 +0000
56dd1a8b5888aafa4d051a49c996b8c53beff79c,2020-05-13 08:53:26 +0000
b6aeed05f235b44aca33d094ae3476ccc2f4842d,2020-05-13 04:54:55 +0000
febe149fd797ea68878a1e8511627a4a487e5755,2020-05-13 04:49:18 +0000
b5720635fa6c23d1e3df028c0cd8ff9671e4d7c1,2020-05-12 17:42:41 +0000
d86cef1a07e68f75e8e199519f82873204ee4b39,2020-05-12 17:35:42 +0000
2cabd9d9957993480dc9f1936344fd14a6b9b443,2020-05-12 01:49:58 +0000
b80958612d8b2ebfb487b4b69927cd0b47322ad2,2020-05-12 01:46:03 +0000
e1809e614712a5743ffd2c0bcf0aa381ec50913d,2020-05-06 10:38:38 +0000
ea4d1a38024216c7289d953f21521d43426e56f2,2020-05-06 01:54:58 +0000
cef21e6b92d070cc38fa8c360baedeece7aae922,2020-05-06 01:49:03 +0000
c638401cbbe07a19c2b585e706fa8916acaaf2b3,2020-05-04 13:38:34 +0000
4db85d849203d8c548e4bbc54dadd9eecf7cb224,2020-05-04 13:22:57 +0000
e20b4487f6ceba4d2c52b7d49418a5e2075400ad,2020-04-30 00:39:57 +0000
93ede6a41dc65ba7c5ad48885088b547599952d1,2020-04-27 22:15:14 -0700
8a9106ce5c128ddb81cdfd96c47a96e27c848b56,2020-04-27 22:13:55 -0700
87b2296da9eeadd80765cfa49e3d262c7d32b4e1,2020-04-28 00:57:32 +0000
ef02ebe6b4b20828ce2ad3972533175c1629a597,2020-04-28 00:55:13 +0000
5ec4cff340b90191853f95167753e8cce359107a,2020-04-23 04:19:07 +0000
d0b3a8391b126f9a341779876239702086a4dae2,2020-04-23 04:14:31 +0000
d8f682fd6e8552e4467d012be6190412f22dc499,2020-04-23 04:10:35 +0000
9154c45d43166ea921fec39b1100654132eadf25,2020-04-23 01:09:20 +0000
31f9322216307f958a1c3ec79e8a09cb0a5f5b5e,2020-04-19 02:20:50 +0000
648a5f68e3c3556bd673b4c6e3bda9e8e522c069,2020-04-17 01:31:31 +0000
b58428b3431a4bd9ec99938dae68f8e4bd4d0c56,2020-04-13 05:59:30 +0000
fe7049d2d5d48d6a3cc02c5b939a140873c5380d,2020-04-10 04:45:42 +0000
56b2a566696409d83f0b27c66890e9923cfdfedd,2020-04-10 01:38:35 +0000
402bc0a12e14bd13672083ea4947fe58daebfef6,2020-04-09 07:29:29 +0000
7b2bcb79697e761e2fbcb07382d8236d345d38de,2020-04-07 15:38:40 +0000
4a5f69d3efa2cb3ba1ae2924ef03c4d2a93e3efb,2020-03-31 00:50:05 +0000
43fe75440aa1d595c1630220d7ce145ddf7efac4,2020-03-29 09:51:45 +0000
0999d22c7245a51ee19fdb6b91d91124f3d12cb7,2020-03-29 02:51:47 +0000
f374ff4c7444945d62c23a987a158e1d9f999d72,2020-03-27 15:33:24 +0000
f2b484c7fce2c32f51a380ba41622c56cf1b0e0a,2020-03-27 04:06:24 +0000
8765268795b8d4d4ed019d192ec196bb07730931,2020-03-27 01:01:40 +0000
f1ca541b72d760e206cdb119024e5a1bfeaa2ea1,2020-03-26 01:30:31 +0000
9180e5839e663d272f9ecc13518dbc2c98245681,2020-03-24 05:36:25 +0000
a9594e476e47520e4e4bdb498d2e7bdbf5cca603,2020-03-24 01:14:02 +0000
c0917c5dcc798181ed0292b0e4b3690f3905386c,2020-03-22 13:58:30 +0000
9f75f51205b69d5314bfbb1f1d546e8cbbd8f5c3,2020-03-21 13:21:29 +0000
bda95a0f8ec0438b654b03cebf98fcac313e601f,2020-03-21 09:43:40 +0000
831117e3fcabefa14c15c2505aea63e5efba6e40,2020-03-21 05:16:58 +0000
8caf5d85f2ab33625eee36b0c85dfb8161ca30ac,2020-03-20 01:15:41 +0000
3af98f2194bd8d11c6311b13b8ddc61770acc6e1,2020-03-19 11:41:53 +0000
723fb36cfb859c6aa2719546b31cbccc2c96c53a,2020-03-19 11:35:17 +0000
7fbb2fe1e587cfe28e69ab7e5f7580a4b29043c4,2020-03-18 14:40:12 +0000
58b0f6d5df423683682832b7bab9590dff9e7664,2020-03-18 12:04:29 +0000
71ef07de51b01a4b6896b2aa0db05fb071eaf145,2020-03-18 01:48:29 +0000
40cd08109cadf50e34f8cb862a21dd7699ce9c73,2020-03-17 14:18:39 +0000
068ff93e9a03912cc3b04b5ae7548dd53ec1f4b0,2020-03-17 11:20:58 +0000
70881b28afe007d0b7b819033229af4fe0e840bd,2020-03-17 11:17:21 +0000
ea8e97f53abba60581b1cdd33c252e40cb2db45b,2020-03-17 08:51:40 +0000
1b44e27d167b626aceac7d8df7b2715f4e295547,2020-03-17 08:49:09 +0000
fd9b577ee1036b104e743babbafef232b293d0ba,2020-03-17 08:44:55 +0000
6528f53ea5e84a932024ca574030f8f81051d40e,2020-03-16 04:49:25 +0000
c3994e75bc46f9d7cb923862e34135e07d81d756,2020-03-12 08:45:52 +0000
ace5350882146215f12d0026313107d5356e2b3e,2020-03-12 05:36:27 +0000
99109b999f2dc2d6765405fc443fc3fb3a77a10b,2020-03-12 01:21:28 +0000
80a25132da88a88b0e322ebcbac93d0830bdc7be,2020-03-12 00:32:41 +0000
fec5d96e191c23ed0627fbc169da835d200ad6ad,2020-03-11 15:30:17 +0000
c193cbcc4f2441f7d9556585b971ee6251167b7c,2020-03-11 09:55:11 +0000
97d6dfc9e1c24f3869e6802a4afea58472b75ec4,2020-03-11 06:57:17 +0000
f9b410dad4b4fed8de76f54f10b56859bfbd1dd0,2020-03-10 15:40:47 +0000
ab3f92eb3b31f7364836e31969692df93c9186d8,2020-03-10 09:22:08 +0000
4b3b6485057b8d25390f0a524e53fce82bab1018,2020-03-10 05:06:58 +0000
687ca6203173a7b7dc92b2bc4427c6b87a3dfec3,2020-03-10 03:26:56 +0000
db27dbf8ba238748155b3d970de11df5b5a97ae3,2020-03-10 01:16:48 +0000
3b2231bc577af7e0b06a743d31086bc5bdf64197,2020-03-09 14:57:43 +0000
f21a27705e594e37f25abd5b3df91256b16acc8b,2020-03-09 13:11:51 +0000
6670fe0487f226d300279a062bd3ba538e44b30c,2020-03-09 09:43:47 +0000
dd60bbc01a663ae859e24d73d4843aee0031ba0f,2020-03-09 09:18:39 +0000
d825f181b583631244978931314f2dabfcfbba0d,2020-03-09 04:14:58 +0000
f9b5eff9879916a7d6fe985f00ddc5fd89b4e652,2020-03-08 13:02:43 +0000
ae9e8b310967f9ea38ae2cc84cce1d5bc381fab6,2020-03-08 09:52:56 +0000
6c68fa6dbe9356e9bd6e51b6faa2b36f177137c1,2020-03-08 09:48:26 +0000
33a165950b7cff23fb1be69674011136a99fc98e,2020-03-08 03:22:39 +0000
6988a50894c1f7eba65a5ace6a4bd55ad2e8ca4f,2020-03-07 13:25:23 +0000
1570840a421370789f5fdd90c15f47ed68ea9d6c,2020-03-07 08:21:51 +0000
1536829d7d92b9bc89e7222fdf097b752c13a81a,2020-03-05 02:04:31 +0000
39f7a275f489de53d16dddc7ea206c30f66a1ed1,2020-03-05 01:25:20 +0000
a2d9715ed1517211ec2783f5c0b12998a3ace2cc,2020-03-05 01:10:16 +0000
8f8740f4eee4fe2fe100a89dc5bbabe256e555a8,2020-03-05 01:07:30 +0000
0697d899235d339dbbc177f5c24ae05af08c48c1,2020-03-03 13:32:17 +0000
db287127f98678a0442db36f420c655f36381877,2020-03-02 13:12:47 +0000
e95776d90fb8a6b696bd1896743d3046b6e48896,2020-02-29 03:32:21 +0000
761f6c85dd4227f08f1d30fc6726e12ac1443502,2020-02-29 03:27:54 +0000
6dd7eb822771da052dadacd277c51ae759e4b0a6,2020-02-28 15:39:35 +0000
a4990664da77e691772074061dc2fd4a1b16adbd,2020-02-28 15:20:49 +0000
504e28fe1acd7a4497e91a324a4f56f7e287853e,2020-02-27 23:13:33 +0000
edc9801bed705a55258af151a0b9ccbbe899c912,2020-02-27 12:36:03 +0000
f67a0f0db14825dace48385bcafbab6cbc3f3528,2020-02-27 11:46:09 +0000
6bfe2d52ab8c2bc0857ce992b790fbaafc8a828a,2020-02-26 05:52:36 +0000
84ff6000f1e3352edad3609d121f85942086f8dc,2020-02-23 14:20:06 +0000
8c56ff29ec05189415b9b7dfac0570889fc45ac6,2020-02-20 12:10:06 +0000
cdb2e7f8b17c1badbcd0601d8200b947f9a37a97,2020-02-20 12:07:34 +0000
6e19ae95d0977a6fdf5708a94c5f113f67aff25c,2020-02-16 03:06:10 +0000
d9e0282e2eaf79f2b0028c325aa81d8763404c37,2020-02-15 11:58:22 +0000
c0f88255436ffefca8e1fbf6a13f0f0843a32580,2020-02-15 03:46:07 +0000
9cff5f4442fcbd30ee29e4b213d0d99ac4d5d27e,2020-02-13 03:13:27 +0000
39cbe9f87742aef86563e7c3255fd4a235afb2c1,2020-02-13 03:09:54 +0000
e3b5c5cda9c8cc59ddc8a2406fac4211c68b17cf,2020-02-13 01:56:04 +0000
e03b08fa6b7d33f7f577c651229c4fafeb9227b7,2020-02-13 00:29:32 +0000
d67950a69d1756897d877e5c31c19a14ade79b41,2020-02-11 18:34:29 +0000
2234648072aa1d55c216d7a9c5150c73b1cbac73,2020-02-10 14:13:01 +0000
66c063060aae036338d57aa8f6eafbb4c03ed591,2020-02-10 03:37:04 +0000
82fae8227fb18e4be5137360d16d06f3a61bda8a,2020-02-07 02:24:11 +0000
4f22b55c7de8886edb71e4edf7f1e383d693db5d,2020-02-06 14:59:10 +0800
b92e8297d7fbb4acff2c55a6c7a303b6f4e7b5f5,2020-02-05 07:23:35 +0000
7dba2360d8c3e9a005f1b31666801c5bf9b8d34b,2020-02-04 15:47:00 +0000
7ae15921fd8d329abcba21c91ae473c023900213,2020-01-31 15:20:57 +0000
b670e78d3c3374d1fea58c241239614f30c52d8a,2020-01-31 01:45:17 +0000
97829b74c3246fedda4e4b97ef5605c42845405a,2020-01-30 14:53:57 +0000
b4c67cdd664cbe9b9bab90836f343bfcd6a7b789,2020-01-30 02:38:07 +0000
4d0bd20491c506fb0ed58d74358cefa231afb838,2020-01-29 08:34:36 +0000
77d06def98d5c9118992a467f37959cd7e0e344e,2020-01-28 03:11:55 +0000
5b5b54815d16c9c2ee9aaacdd394176056f84dac,2020-01-28 03:09:43 +0000
9948133683d737739006ca89ec06be65137d0c28,2020-01-27 15:26:23 +0000
6407e0902d7face3543bf97a66941b66c7784305,2020-01-22 11:42:36 +0000
15d5c915a4023af6713e0b3d6afd33fb44ad879f,2020-01-22 07:12:25 +0000
79835328ad9f18ead48f7b5d6a42ac4606a782f7,2020-01-22 06:26:03 +0000
4f5e01c4b475b1657504b6dc9390f869502f5459,2020-01-22 06:23:20 +0000
09d4826fb6c761d04a634f206a581b248a7c4acc,2020-01-20 09:53:44 +0000
a6b730e3b602cb456e1185b46bd66439b14ec107,2020-01-20 09:52:25 +0000
3ea8a9f1203f553c334751a646b26eeb9ae48c48,2020-01-19 06:52:07 +0000
5c134361f7159e8851ead4bdf6ee2b953a69632d,2020-01-19 02:26:58 +0000
4f0e696eccf6ab0319eec0c098de6e417b40465d,2020-01-17 06:21:23 +0000
e8d6727b9a00f3c8a157a935e7cf5dde465814e0,2020-01-15 15:52:35 +0000
85e066dd2c5d659ba66b70703225f6cd1c99e266,2020-01-15 14:28:40 +0000
4f5f5456edae3b724fc5cab4a925dc080566162d,2020-01-14 14:53:25 +0000
f49c41621d16a3e2982fe53836d14a3c8853009f,2020-01-14 14:49:02 +0000
c864c4dd208c3f4b37afe1962a9883026326d3ea,2020-01-14 02:52:31 +0000
91c1dc41d4f35f7d54d25f24d38350b12bb528bf,2020-01-13 03:52:14 +0000
61340cda4b05071a44896116f08ee7cf0938b8df,2020-01-13 03:43:47 +0000
74cf91e9db8845d723c1a9df7990ca15484e2d1d,2020-01-11 09:16:22 +0000
b9be4309ee0439b24d9a54b11b99ffe2ef777d2a,2020-01-09 09:41:42 +0000
3d815f46962405ad888eb7c8bf61a1c380d99bce,2020-01-04 11:19:53 +0000
7576a5e300b4659c3a8a36c035e125d7a5c7f44e,2020-01-04 05:28:23 +0000
1eb3fcb376605f49db658e436c123eca3c829d11,2020-01-02 11:18:08 +0000
6f0b152f3fb4d17f751be1e8b6ecd625a3e27203,2020-01-02 03:21:18 +0000
c545a80331588cf418ab2a30e78b4a6991323b4e,2020-01-02 03:13:21 +0000
546c5dcaddf51b075e5bf27414a41371000fe6b9,2019-12-31 11:06:52 +0000
7e5fb05e1eb3489e614cffae5c62827e2143df94,2019-12-31 11:04:42 +0000
a539fb968ab2b587c85b1983da2fe84b47beeeed,2019-12-31 11:00:18 +0000
6f2700f09abb0eafd207c1ddcc0652067cd98ebf,2019-12-30 06:57:10 +0000
cf22db0982e11a587af47bf57e3c7a07bca78254,2019-12-27 12:21:16 +0000
145dd2262695e8262b05249e0b74009570387d70,2019-12-26 14:29:00 +0000
fc7e722da84fe6a7f0a195ed6f080fdd410b1931,2019-12-17 06:48:58 +0000
07ef2558752a6cb12eebb28c3fb49a5298b65ec5,2019-12-15 14:03:54 +0000
239db3abed54a98516a70a4b95145bdb3df192c9,2019-12-14 01:48:45 +0000
bdaf829db77f390f58b5824714acacf3b36d18d8,2019-12-13 03:15:23 +0000
855c010715db8b2521535f597fc8d88014df150a,2019-12-10 12:14:40 +0000
e1c70bde8a9b0f378d19292f5b3dbe93d209e5c8,2019-12-10 12:04:39 +0000
ec4ba2b0b15cc6359a12dacc5a325716eda528bc,2019-12-10 07:03:54 +0000
0b26558e88e9730f725e278d11b86bbd5ca11856,2019-12-09 10:35:01 +0000
89f1d7fa80da2ea8ccf327049ef23dd6abf96471,2019-12-08 15:23:07 +0000
5087b9226c91f929e03603635fedae3b2edc06c3,2019-12-07 14:25:26 +0000
45bf826104ccf0b065d7b2c981b1b55ddddedb4a,2019-12-06 15:19:09 +0000
d394781a2c7d427615fb9886a9a8ebe1bcbb96e1,2019-12-03 01:14:14 +0000
6a3b701e992dca4722edc112b4320952f0114266,2019-11-30 04:26:44 +0000
c5b6665ad7cb8e9eea82fc63b311bf71a9315682,2019-11-30 03:56:51 +0000
f82ca811c73882533fa5c9851cac74387b08395e,2019-11-29 01:22:37 +0000
9d753323d3944d0160fa86eb464b87affbfd52dd,2019-11-28 01:02:29 +0000
678042a7603d77bece7b6f544d5ea86f297adca1,2019-11-27 06:39:22 +0000
510bfefe2e841117c52376e450cfcf3774b9c9b6,2019-11-26 16:43:13 +0000
6cd62e333432e2352e337db819e15e60f84145df,2019-11-26 16:06:03 +0000
01df6c18cf076d91273d797e6d3ccd95e91bb7b6,2019-11-25 14:24:04 +0000
a3ebce18da951e69045dd54014beb1c93b13a4a0,2019-11-25 04:07:20 +0000
1b45252ff1a6f294686e2132c0b05122c6691b88,2019-11-25 01:46:02 +0000
5d540e993d52c42a668dbbe7a46dc7a32cbe5e98,2019-11-24 02:54:06 +0000
35f4f74ccbcd08cbd7e8788536080109d1713554,2019-11-23 06:13:22 +0000
4374f2034ed0dadb7755a942eec522fc322cf569,2019-11-22 07:00:58 +0000
64ecfe9ae7227656c964e9e2ab1122a8c00b7759,2019-11-21 12:08:44 +0000
0030a1b71ca600e64df8eea746eb259e65151a01,2019-11-20 05:39:25 +0000
51192a8f50d99249fdf3847b8f766e2effa0dcc7,2019-11-19 07:46:45 +0000
aae0380151f79c7e93f8a05ab1b979d3c4c5ef9b,2019-11-19 02:47:22 +0000
7a04419a96e403548326a58c16f98184f496492e,2019-11-16 07:32:14 +0000
02c070a41d4af0027249e5ddf09642d0e0d492fe,2019-11-15 08:09:59 +0000
44e91ddf07b5b05e0428634e6fac4e12e8b0de06,2019-11-14 03:18:59 +0000
d2045ce9e484c51da270f57b1bf7fc98c187c522,2019-11-12 09:10:40 +0000
17e8ebc0f526f1c0e113d7a9311ce53bf333a832,2019-11-11 02:39:13 +0000
4e7571f164274a5e3f78f183d011768e8536fd1f,2019-11-11 01:29:17 +0000
9857b703e5d89cafb39f1f0ce863578f27703523,2019-11-09 12:32:30 +0000
7d0f4546a4d9904dc6c2690e575113aadb14ea6a,2019-11-08 03:54:13 +0000
a7d8af68ec1830bd41b6811847b076d140dc2828,2019-11-08 09:43:09 +0800
27fef4e264bab26aa07b12f9aba8fa5bea88db2c,2019-11-08 09:25:23 +0800
8eb6d4fec077bb6f369005e20995107b70887acb,2019-11-08 09:04:09 +0800
3cb9f2ad4cda32c08680cafdb06f3f33c3e4b85f,2019-11-08 09:00:22 +0800
14a6b1da6c9e9f32a0a9a3b6fa339d39f5ecc8c9,2019-11-08 00:53:34 +0000
887cacad699884518450a14033af30eaa3d49710,2019-11-07 11:43:57 +0000
9bfe4b74c3da3678c882a46052efb4d5f1462d2e,2019-11-06 11:10:29 +0000
8d0dfc5c3f277f759e629196ab3b83f2bda1f35b,2019-11-06 07:15:36 +0000
8a8d000a87bf94e2598ae12ecc5fcac0b0a47c10,2019-11-04 02:29:58 +0000
4b756f2de54a7da0f680944be284aef4af3f8b40,2019-11-03 04:52:26 +0000
ab8e081e80dee6a7650b897ac4b58c280a783924,2019-11-02 12:16:16 +0000
96e99bae3a22415d1360800b02a22b0d1636ae89,2019-10-30 06:05:20 +0000
dbbf6ca7df83698e52ebb3fb1d26dfa763bd9a43,2019-10-30 01:17:30 +0000
595e0e4f7d3097acf2917e01abd227d241334923,2019-10-30 01:13:36 +0000
42d992ede7bf12b99b4949ee19b58cf59f7fdd34,2019-10-30 01:12:07 +0000
0dbe00ec31d2505fa38c9746d4d8ee7600cd1d2d,2019-10-30 01:09:56 +0000
b12ca6780bc57d96abcdad38b01cce0a591a4b78,2019-10-30 01:00:13 +0000
2353de20d8c594ed2996203e5d36922cbda4974c,2019-10-29 07:42:25 +0000
f51a30a43c7a6cc23cc3fccf6893c34e2f75fc77,2019-10-29 07:16:56 +0000
2ba8fd783935974befc6c1ee143d4e936943079c,2019-10-28 11:37:55 +0000
9e1d1c0cb0cbfc17a31533e3c36cec5673363186,2019-10-25 09:00:43 +0000
db8998bd70ed908d3b9ea3d54210db03aa37c5f4,2019-10-25 03:37:34 +0000
ebad135c1e44bc75f76c41fbaaeece87ed65d144,2019-10-25 03:27:29 +0000
0ed88ff6ba9940ffc865e4b7e9b9146cf0e1efda,2019-10-23 02:41:39 +0000
186a8dcf291c41eea4d65e05a846957872d8241f,2019-10-22 13:04:48 +0000
15c18b004aab4376107d3830b85f969c91d25ef9,2019-10-22 08:14:33 +0000
bc1c2b48f825997632877bcd34ed22eaf78965b1,2019-10-22 04:22:39 +0000
399adc1b4d734fcb636caef5d310034cdd41f8e7,2019-10-20 02:23:18 +0000
d9118a4f25a62eeaa8a2bc195a81530317d002f6,2019-10-18 16:26:07 +0000
28303effe989397587978cde49f3c12ae7a10704,2019-10-18 12:02:57 +0000
3249ef70a2cb313c2cf5c8a3deb27e348964e791,2019-10-18 09:24:53 +0000
6816b31ee3cdb019c8485e95e918198b204a25ca,2019-10-17 07:06:18 +0000
90284bde3be5e05f44f4efd2f560c70132fe8646,2019-10-17 04:47:02 +0000
5b539ad32d1dedf1e57575d161463a63d50fcea6,2019-10-16 11:46:44 +0000
be4041014abe17650e73251eda11485144dc362e,2019-10-15 08:52:13 +0000
aa669fd3deef0222d366b187724e553cf4fa40fa,2019-10-15 07:40:26 +0000
16a9137b10956708dc45472219b14747b77523f1,2019-10-15 03:49:59 +0000
8a2088ff10189f71c76646ff7b7e88092bf77b64,2019-10-14 10:07:42 +0000
8b74630166d81efbab9092472a8961485ad5c8b9,2019-10-14 02:56:58 +0000
6506ef8832e628b70755bf6b898ae26e0256304c,2019-10-12 08:50:51 +0000
cc6b1882c56ac2af3ad7ba7e604d5a9b57f04cb4,2019-10-12 08:00:47 +0000
36d8c78383bf953849e4dd0062085dd3de420253,2019-10-12 02:16:45 +0000
7f4a6880d345941c970e434b777cecad0496bf04,2019-10-11 06:27:19 +0000
d3bd5c9f322aed6de73d24947573b01290c866b1,2019-10-11 03:12:37 +0000
bcb870fd0eeb4f7f0709fd30070ad9a0ff3278b5,2019-10-10 13:00:22 +0000
e6519d97df18736654298796acc0f5be7e4c28ab,2019-10-10 12:31:38 +0000
273691339725351fee9a7887a200fd2ea4928082,2019-10-10 12:16:00 +0000
0da38f5e4d0a4fd434ef33be7658cc9ce4136936,2019-10-08 20:34:30 +0800
e17397caaef792f930447e7361aeea65550aeac5,2019-10-08 20:32:44 +0800
c8f1fa9d0c51622567ee4eec2548bd96c351f2d2,2019-10-06 21:29:22 +0800
967b18d574ec2ef4c2c59b9d717f880fce06d51d,2019-10-06 21:27:44 +0800
7e38b4e69835127d763452a450e1b058e9f77c79,2019-10-06 17:27:29 +0800
634e4f9bfa842aca771fa6aa857e21e8378a594d,2019-10-06 15:57:31 +0800
300648df4241d69590404f4de6f4d8f0d8acad89,2019-10-06 15:51:25 +0800
8cfe9f79f67b3f0a607e64bcea09e9a92d79cb0b,2019-10-04 23:04:29 +0000
d2d6769598fb9af7813a5eecc782f74e4d3cd445,2019-10-02 17:58:25 -0700
e34a7ee8a28752b532156c40287ba7de26b485ab,2019-10-01 13:16:25 +0000
80a17dd17bbc96d77ece21e853d4c863b3554e56,2019-10-01 18:04:54 +0800
4f82ff18cb0093b91d823e1c8feb94898f3b9f2d,2019-09-30 10:00:48 +0000
dc3e5a7fc4ecddfb9e31777e86c37c0acf0754e4,2019-09-30 02:36:54 +0000
5053e66dc51b06ff70599fa53675786712c9b42a,2019-09-29 09:35:00 +0800
54c2d5cf78221bceab31ab829f0ee85afbc3002a,2019-09-27 17:47:44 +0800
6ab4dbad432517a7215ed89d5f6cfa1a753cb377,2019-09-27 16:54:24 +0800
44a6ecd26d792195a32dbbd1b667005845355690,2019-09-27 14:27:06 +0800
6bab25e45b207332f3dc3aaba03ebba4e04a9d5e,2019-09-26 13:26:33 +0800
f81f11a48753fbfc448f2ec351ce43cdce6e8c16,2019-09-26 05:21:24 +0000
553f4c167bb004b734c3eec62a07c0a6e221b6c6,2019-09-26 09:45:09 +0800
80c65625c67aba9c11e86e8112320edb944e81d5,2019-09-25 03:10:12 +0000
193321ad823a4eaf503a3fec8f67bf5e13499693,2019-09-25 02:45:07 +0000
4b8e588e651c8ddc382d43a762998bfcc5e53687,2019-09-23 07:37:35 +0000
e161000310763fc61bbfddaa52b46a54872cc0fd,2019-09-23 07:13:59 +0000
92de1807695ac4b8b8353db66645eefed7d1ee55,2019-09-23 06:03:13 +0000
6c9e181d43e752db808200297f4d084f8bcad62d,2019-09-23 11:50:46 +0800
a44014c0af068fb9d87fc6184ab82af0fc0c5ddf,2019-09-20 23:14:49 +0800
26b4614deb6adddacd4f1a4fc10b5ff050ae90ed,2019-09-19 18:52:16 +0800
17dff5e593fcbc7f7e894f67e63bdc43eaf0b3a6,2019-09-19 18:52:16 +0800
96c8fb3dd475e591fa894fd48cd1c6cb73962af7,2019-09-19 18:52:16 +0800
c7bb026cf0ff1413ab7e40317bf9267ebb134860,2019-09-19 18:52:16 +0800
913a47005b9c818a54a71c1b9a435b06283e4cac,2019-09-19 18:52:16 +0800
d3b59cd90808117469d786d03466fbb2ae6c0416,2019-09-19 18:52:16 +0800
030fc25ca552d2127c95820eaf2d305217164e73,2019-09-19 18:52:16 +0800
d0d61873bc590c3256e5af11fad095804ccd1bb5,2019-09-19 18:52:16 +0800
cb135a0e2437f2b2fbf1ae6967f2c6331856b6b4,2019-09-19 18:52:16 +0800
d6df55a03789c7be0a60f44f04d7771ce73a3d69,2019-09-19 18:52:15 +0800
a39781679ffbf00e23611cd866eb587afc57340c,2019-09-19 18:52:15 +0800
e07296b4fa930ad9cc9370d5fcbfb9472cabe8b8,2019-09-19 18:52:15 +0800
997e6accfe8be33f9fed5da0a23f8c9ce8d9406c,2019-09-19 18:52:15 +0800
cae92e7ac6606149a18c0398e8696b083c29f336,2019-09-19 18:52:15 +0800
7c2a2115ce458a572536d6de70ea067ca7c3492c,2019-09-19 18:52:15 +0800
dd18a7c25190b085947f5744f6ebe480b7a9a825,2019-09-19 18:52:15 +0800
ec8ae3662f8da413639eb6ccca22201c92dd9b06,2019-09-19 18:52:15 +0800
32e72219b14a2f16db8da9634325a150665179de,2019-09-19 18:52:15 +0800
632cbeafd56dfd342ab86dbdba1025646f19a15f,2019-09-19 18:52:15 +0800
7f6e7c5dcbe8581e68a7481cdc16da27edb603e8,2019-09-19 18:52:15 +0800
e8eee37375e81fe41e18943d64ff0a86fec81223,2019-09-19 18:52:15 +0800
e9027b9a9fb432cbb88dea9e40adfd487ddc281b,2019-09-19 18:52:15 +0800
14c25c73d8f22d6736066dd624bbf17688ec79a8,2019-09-19 18:52:15 +0800
0f269b457bf8228ed726aa81ad5cd48d64a02f9b,2019-09-19 18:52:15 +0800
c1db2bada95d2d3a5cdbdd6628feee9105e42da1,2019-09-19 18:52:15 +0800
e592f5a0a919b8b455768cd6af63bdb160082ec9,2019-09-19 18:52:15 +0800
61b94eecebd0104f57f70c72fe544477ca4c8b2d,2019-09-19 18:52:15 +0800
58ad07cd8bf8b9ccc44878377608b43dbbcdfce0,2019-09-19 18:52:15 +0800
3a475f802f5556d759a6ebe58f6d7b6be26c4b81,2019-09-19 18:52:15 +0800
603900124921b5bf74f6fdb8cee1a02399203200,2019-09-19 18:52:15 +0800
e9443cfed9c9fcb524854218a50adf9f379e1c4e,2019-09-19 18:52:15 +0800
87e49dbd7307414169d55f6de0aceb5bbe2acee4,2019-09-19 18:52:15 +0800
dabbaa028de6a024ffbe55511fe97fc64df7b442,2019-09-19 18:52:14 +0800
ed75bfd0a78d46803023e82a38e4fecbe3ff4d86,2019-09-19 18:52:14 +0800
23ad1f91943191fce529f87bb49c7d0dc0e3ac9b,2019-09-19 18:52:14 +0800
cfd4e83d24eff3a98d7df710a9b9be98fa0d22fa,2019-09-19 18:52:14 +0800
7a26bbb0d747f98842542c9c06ec20cc54c3cbf4,2019-09-19 18:52:14 +0800
adb118e61a8c527847147a947794cecdbbcb3b6b,2019-09-19 18:52:14 +0800
60e82e178bd744a830d5cdbdd09d7cc392c413f5,2019-09-19 18:52:14 +0800
4d569ae95e9c36b4f432efd9c2b1c76a382cd781,2019-09-19 18:52:14 +0800
c4040319ac604f03089bbd32bee16c64613c3921,2019-09-19 18:52:14 +0800
d5b7085e0212ea602af94da194781db8cd03641a,2019-09-19 18:52:14 +0800
b43c6617cac0bda5099d25605355b783c33d6990,2019-09-19 18:52:14 +0800
e2111017a185e519ff2073a03022a0ea5a9e3e46,2019-09-19 18:52:14 +0800
1d5f2e75a8b3867bd4341758495861ffa48ea809,2019-09-19 18:52:14 +0800
cc6651e226434d5194dd27a720de7e58c3f87e4b,2019-09-19 18:52:14 +0800
c87b0d2a1bc1b6986ea655a7f6da8c7438b54dcc,2019-09-19 18:52:14 +0800
4a6fe5ce85d79fdd5d9791dc8d963069a2592056,2019-09-19 18:52:14 +0800
719dfda7314ca393c27541dbd0e4c548e1f5104c,2019-09-19 18:52:14 +0800
3eb31caa89d83e76ae83e533eda29349f987d0d9,2019-09-19 18:52:14 +0800
35bfbbd03d9843255afd790bef08c8b842712647,2019-09-19 18:52:14 +0800
1ba1cde784df644cb821d62ce7b575fdca9e3ad0,2019-09-19 18:52:14 +0800
053002748f6aefd1b15a2dbe14f61cf6b65986f7,2019-09-19 18:52:14 +0800
8523183a31ab02be8acdf38e95a2a08fb00a8cc0,2019-09-19 18:52:14 +0800
0f364aacdf0bef23eac2006c5ef756abba1468a7,2019-09-19 18:52:14 +0800
6349d66f2c399d963e30768423e8aaf477e1c5cd,2019-09-19 18:52:14 +0800
44509b54c1a47015fd65d5c475b4f04fa6cd9805,2019-09-19 18:52:14 +0800
bb4025742606c6abea85fbf99cffec5c3a2a2750,2019-09-19 18:52:14 +0800
45caf2683b85d96c9764ed34934f7a5b1059ca39,2019-09-19 18:52:13 +0800
de58f820a75697f31bfa7af7a16b3904c9336653,2019-09-19 18:52:13 +0800
404d546aeea35c208c808e731f4e603a30e85205,2019-09-19 18:52:13 +0800
fd5075da09b8b5a5831425d95aefef37a305ba99,2019-09-19 18:52:13 +0800
ce9855ca52965f825f4a7c980c21b9a9ed057f24,2019-09-19 18:52:13 +0800
ccc04a243fc1bb9d4ef3a7dc003fab1a3bfc0c3e,2019-09-19 18:52:13 +0800
2b6c24f38287870c821d14b9911fa38871faadb6,2019-09-19 18:52:13 +0800
2339e87f3cbccbac31c4b008a5d2c6fb2a16d8eb,2019-09-19 18:52:13 +0800
c022e366762b39b7d6af6690350cfe4e5257eec9,2019-09-19 18:52:13 +0800
a2890b95e74c8fbd47a2ec4494588daa76e1b059,2019-09-19 18:52:13 +0800
24ff255fd74402cb6a4102796343a75fd6f2bced,2019-09-19 18:52:13 +0800
00958f1989e48083a38b3b6ff2c9deb79855b681,2019-09-19 18:52:13 +0800
fd45f35cadbfa3ebb17020546824a15f3b86e067,2019-09-19 18:52:13 +0800
527cc70a23a358836927a8f74202d0261ead2751,2019-09-19 18:52:13 +0800
df7a4ed43d758bdba857b3205f2eeba19916946c,2019-09-19 18:52:13 +0800
4b228ba7531983f6005286deaed979d671b12d37,2019-09-19 18:52:13 +0800
105bcc08b9199da748333c3852c82458982bc919,2019-09-19 18:52:13 +0800
61496230585836b9d9368d0c2609b6a5bfe34e8f,2019-09-19 18:52:12 +0800
1821f3fde83b99f0aeb9ec2b6f4c631de073f36c,2019-09-19 18:52:12 +0800
e7c9be6da1f5a065923e23df91ed852dc8974057,2019-09-19 18:52:12 +0800
9dbd3bd27c99b3be4e3e109988fcdfc92e9ca4d4,2019-09-19 18:52:12 +0800
fac6418f1345fcc69b45f00551225c710b3dac08,2019-09-19 18:44:57 +0800
22ee79d7710d4be45f5682ee87ee9c67e507662d,2019-09-19 14:37:15 +0800
