project,repository
Dubbo,https://github.com/apache/dubbo
JDO,https://github.com/apache/db-jdo.git
.NET Ant Library,https://github.com/apache/ant-antlibs-dotnet.git
Accumulo,https://github.com/apache/accumulo.git
ActiveMQ,https://github.com/apache/activemq.git
Airavata,https://github.com/apache/airavata.git
Ambari,https://github.com/apache/ambari.git
Ant,https://github.com/apache/ant.git
AntUnit,https://github.com/apache/ant-antlibs-antunit.git
Any23,https://github.com/apache/any23.git
Apex,https://github.com/apache/apex-core.git
Archiva,https://github.com/apache/archiva.git
Aries,https://github.com/apache/aries.git
Arrow,https://github.com/apache/arrow.git
Avro,https://github.com/apache/avro.git
Axiom,https://github.com/apache/ws-axiom.git
Axis2,https://github.com/apache/axis-axis2-java-core.git
Beam,https://github.com/apache/beam.git
Beehive,https://github.com/apache/beehive.git
Bigtop,https://github.com/apache/bigtop.git
BookKeeper,https://github.com/apache/bookkeeper.git
Brooklyn,https://github.com/apache/brooklyn.git
BVal,https://github.com/apache/bval.git
Calcite,https://github.com/apache/calcite.git
Camel,https://github.com/apache/camel.git
CarbonData,https://github.com/apache/carbondata.git
Cassandra,https://github.com/apache/cassandra.git
Causeway,https://github.com/apache/causeway.git
Cayenne,https://github.com/apache/cayenne.git
Chainsaw,https://github.com/apache/chainsaw.git
Chemistry,https://github.com/apache/chemistry.git
Chukwa,https://github.com/apache/chukwa.git
Clerezza,https://github.com/apache/clerezza.git
Click,https://github.com/apache/click.git
CloudStack,https://github.com/apache/cloudstack.git
Cocoon,https://github.com/apache/cocoon.git
Commons-BCEL,https://github.com/apache/commons-bcel.git
Commons-BeanUtils,https://github.com/apache/commons-beanutils.git
Commons-BSF,https://github.com/apache/commons-bsf.git
Commons-Chain,https://github.com/apache/commons-chain.git
Commons-CLI,https://github.com/apache/commons-cli.git
Commons-Codec,https://github.com/apache/commons-codec.git
Commons-Collections,https://github.com/apache/commons-collections.git
Commons-Compress,https://github.com/apache/commons-compress.git
Commons-Configuration,https://github.com/apache/commons-configuration.git
Commons-Crypto,https://github.com/apache/commons-crypto.git
Commons-CSV,https://github.com/apache/commons-csv.git
Commons-Daemon,https://github.com/apache/commons-daemon.git
Commons-DBCP,https://github.com/apache/commons-dbcp.git
Commons-DbUtils,https://github.com/apache/commons-dbutils.git
Commons-Digester,https://github.com/apache/commons-digester.git
Commons-Email,https://github.com/apache/commons-email.git
Commons-Exec,https://github.com/apache/commons-exec.git
Commons-FileUpload,https://github.com/apache/commons-fileupload.git
Commons-Functor,https://github.com/apache/commons-functor.git
Commons-Geometry,https://github.com/apache/commons-geometry.git
Commons-HttpClient,https://github.com/apache/commons-httpclient.git
Commons-Imaging,https://github.com/apache/commons-imaging.git
Commons-IO,https://github.com/apache/commons-io.git
Commons-JCI,https://github.com/apache/commons-jci.git
Commons-JCS,https://github.com/apache/commons-jcs.git
Commons-Jelly,https://github.com/apache/commons-jelly.git
Commons-JEXL,https://github.com/apache/commons-jexl.git
Commons-JXPath,https://github.com/apache/commons-jxpath.git
Commons-Lang,https://github.com/apache/commons-lang.git
Commons-Logging,https://github.com/apache/commons-logging.git
Commons-Math,https://github.com/apache/commons-math.git
Commons-Net,https://github.com/apache/commons-net.git
Commons-Numbers,https://github.com/apache/commons-numbers.git
Commons-OGNL,https://github.com/apache/commons-ognl.git
Commons-Pool,https://github.com/apache/commons-pool.git
Commons-Proxy,https://github.com/apache/commons-proxy.git
Commons-RDF,https://github.com/apache/commons-rdf.git
Commons-RNG,https://github.com/apache/commons-rng.git
Commons-SCXML,https://github.com/apache/commons-scxml.git
Commons-Statistics,https://github.com/apache/commons-statistics.git
Commons-Text,https://github.com/apache/commons-text.git
Commons-Validator,https://github.com/apache/commons-validator.git
Commons-VFS,https://github.com/apache/commons-vfs.git
Commons-Weaver,https://github.com/apache/commons-weaver.git
Compress-Ant-Library,https://github.com/apache/ant-antlibs-compress.git
Continuum,https://github.com/apache/continuum.git
Cordova,https://github.com/apache/cordova.git
Crunch,https://github.com/apache/crunch.git
cTAKES,https://github.com/apache/ctakes.git
Curator,https://github.com/apache/curator.git
CXF,https://github.com/apache/cxf.git
Daffodil,https://github.com/apache/daffodil.git
DataFu,https://github.com/apache/datafu.git
datasketches,https://github.com/apache/datasketches-java.git
DeltaSpike,https://github.com/apache/deltaspike.git
Derby,https://github.com/apache/derby.git
DeviceMap,https://github.com/apache/devicemap.git
DirectMemory,https://github.com/apache/directmemory.git
Directory,https://github.com/apache/directory-ldap-api.git
Directory-Server,https://github.com/apache/directory-server.git
Directory-Studio,https://github.com/apache/directory-studio.git
Doris,https://github.com/apache/doris.git
Drill,https://github.com/apache/drill.git
Druid,https://github.com/apache/druid.git
Empire-db,https://github.com/apache/empire-db.git
Etch,https://github.com/apache/etch.git
EventMesh,https://github.com/apache/eventmesh.git
Excalibur,https://github.com/apache/excalibur.git
Falcon,https://github.com/apache/falcon.git
Felix,https://github.com/apache/felix.git
Fineract,https://github.com/apache/fineract.git
Flink,https://github.com/apache/flink.git
Flume,https://github.com/apache/flume.git
Fluo,https://github.com/apache/fluo.git
Fluo-Recipes,https://github.com/apache/fluo-recipes.git
Fluo-YARN,https://github.com/apache/fluo-yarn.git
FOP,https://github.com/apache/xmlgraphics-fop.git
Forrest,https://github.com/apache/forrest.git
Fortress,https://github.com/apache/directory-fortress-core.git
FreeMarker,https://github.com/apache/freemarker.git
FtpServer,https://github.com/apache/mina-ftpserver.git
Geode,https://github.com/apache/geode.git
Geronimo,https://github.com/apache/geronimo.git
Giraph,https://github.com/apache/giraph.git
Gobblin,https://github.com/apache/gobblin.git
Gora,https://github.com/apache/gora.git
Groovy,https://github.com/apache/groovy.git
Guacamole,https://github.com/apache/guacamole-client.git
Hadoop,https://github.com/apache/hadoop.git
Hama,https://github.com/apache/hama.git
Harmony,https://github.com/apache/harmony.git
HBase,https://github.com/apache/hbase.git
Helix,https://github.com/apache/helix.git
Hive,https://github.com/apache/hive.git
Hivemind,https://github.com/apache/hivemind.git
Hop,https://github.com/apache/hop.git
HttpComponents-Client,https://github.com/apache/httpcomponents-client.git
HttpComponents-Core,https://github.com/apache/httpcomponents-core.git
Hudi,https://github.com/apache/hudi.git
Iceberg,https://github.com/apache/iceberg.git
Ignite,https://github.com/apache/ignite.git
Impala,https://github.com/apache/impala.git
InLong,https://github.com/apache/inlong.git
IoTDB,https://github.com/apache/iotdb.git
Ivy,https://github.com/apache/ant-ivy.git
IvyDE,https://github.com/apache/ant-ivyde.git
Jackrabbit,https://github.com/apache/jackrabbit.git
Jakarta-Cactus,https://github.com/apache/jakarta-cactus.git
JAMES,https://github.com/apache/james-project.git
jclouds,https://github.com/apache/jclouds.git
Jena,https://github.com/apache/jena.git
JMeter,https://github.com/apache/jmeter.git
JSPWiki,https://github.com/apache/jspwiki.git
Karaf,https://github.com/apache/karaf.git
Kerby,https://github.com/apache/directory-kerby.git
Knox,https://github.com/apache/knox.git
Kylin,https://github.com/apache/kylin.git
Lens,https://github.com/apache/lens.git
Lenya,https://github.com/apache/lenya.git
Linkis,https://github.com/apache/linkis.git
Log4j,https://github.com/apache/logging-log4j2.git
Lucene-Core,https://github.com/apache/lucene.git
Mahout,https://github.com/apache/mahout.git
ManifoldCF,https://github.com/apache/manifoldcf.git
Marmotta,https://github.com/apache/marmotta.git
Maven,https://github.com/apache/maven.git
Maven-Doxia,https://github.com/apache/maven-doxia.git
MetaModel,https://github.com/apache/metamodel.git
MINA,https://github.com/apache/mina.git
MRUnit,https://github.com/apache/mrunit.git
MyFaces,https://github.com/apache/myfaces.git
NetBeans,https://github.com/apache/netbeans.git
Nutch,https://github.com/apache/nutch.git
ODE,https://github.com/apache/ode.git
OFBiz,https://github.com/apache/ofbiz-framework.git
Lingo,https://github.com/apache/olingo-odata4.git
Oltu-Parent,https://github.com/apache/oltu.git
OODT,https://github.com/apache/oodt.git
Oozie,https://github.com/apache/oozie.git
OpenJPA,https://github.com/apache/openjpa.git
OpenMeetings,https://github.com/apache/openmeetings.git
OpenNLP,https://github.com/apache/opennlp.git
OpenWebBeans,https://github.com/apache/openwebbeans.git
ORC,https://github.com/apache/orc.git
ORO,https://github.com/apache/jakarta-oro.git
Ozone,https://github.com/apache/ozone.git
Parquet,https://github.com/apache/parquet-mr.git
PDFBox,https://github.com/apache/pdfbox.git
Phoenix,https://github.com/apache/phoenix.git
Pig,https://github.com/apache/pig.git
Pinot,https://github.com/apache/pinot.git
Pivot,https://github.com/apache/pivot.git
PLC4X,https://github.com/apache/plc4x.git
POI,https://github.com/apache/poi.git
Polygene,https://github.com/apache/polygene-java.git
Portals,https://github.com/apache/portals-pluto.git
Props-Ant-Library,https://github.com/apache/ant-antlibs-props.git
Pulsar,https://github.com/apache/pulsar.git
Qpid,https://github.com/apache/qpid-broker-j.git
Ranger,https://github.com/apache/ranger.git
Rat,https://github.com/apache/creadur-rat.git
REEF,https://github.com/apache/reef.git
Regexp,https://github.com/apache/jakarta-regexp.git
River,https://github.com/apache/river.git
Roller,https://github.com/apache/roller.git
Sandesha2,https://github.com/apache/axis-axis2-java-sandesha2.git
Santuario,https://github.com/apache/santuario-java.git
SeaTunnel,https://github.com/apache/seatunnel.git
ServiceMix,https://github.com/apache/servicemix.git
Shale,https://github.com/apache/shale.git
Shindig,https://github.com/apache/shindig.git
Shiro,https://github.com/apache/shiro.git
SkyWalking,https://github.com/apache/skywalking.git
Sling,https://github.com/apache/sling.git
Solr,https://github.com/apache/solr.git
Spark,https://github.com/apache/spark.git
Spatial-Information-System,https://github.com/apache/sis.git
Sqoop,https://github.com/apache/sqoop.git
SSHD,https://github.com/apache/mina-sshd.git
Stanbol,https://github.com/apache/stanbol.git
Storm,https://github.com/apache/storm.git
Stratos,https://github.com/apache/stratos.git
Struts,https://github.com/apache/struts.git
Submarine,https://github.com/apache/submarine.git
Synapse,https://github.com/apache/synapse.git
Syncope,https://github.com/apache/syncope.git
Tajo,https://github.com/apache/tajo.git
Tapestry,https://github.com/apache/tapestry-5.git
Tentacles,https://github.com/apache/creadur-tentacles.git
Tez,https://github.com/apache/tez.git
Thrift,https://github.com/apache/thrift.git
Tika,https://github.com/apache/tika.git
Tiles,https://github.com/apache/tiles.git
Tobago,https://github.com/apache/myfaces-tobago.git
Tomcat,https://github.com/apache/tomcat.git
TomEE,https://github.com/apache/tomee.git
Torque,https://github.com/apache/db-torque.git
TsFile,https://github.com/apache/tsfile.git
Turbine,https://github.com/apache/turbine-core.git
Tuscany,https://github.com/apache/tuscany.git
UIMA,https://github.com/apache/uima-uimaj.git
Unomi,https://github.com/apache/unomi.git
Velocity,https://github.com/apache/velocity-engine.git
Velocity-Tools,https://github.com/apache/velocity-tools.git
VSS-Ant-Library,https://github.com/apache/ant-antlibs-vss.git
VXQuery,https://github.com/apache/vxquery.git
Vysper,https://github.com/apache/mina-vysper.git
Whirr,https://github.com/apache/whirr.git
Whisker,https://github.com/apache/creadur-whisker.git
Wicket,https://github.com/apache/wicket.git
Wink,https://github.com/apache/wink.git
Woden,https://github.com/apache/woden.git
Wookie,https://github.com/apache/wookie.git
Xalan,https://github.com/apache/xalan-j.git
Xerces,https://github.com/apache/xerces2-j.git
Xindice,https://github.com/apache/xindice.git
XML-Commons-External,https://github.com/apache/xml-commons-external.git
XML-Commons-Resolver,https://github.com/apache/xml-commons-resolver.git
XML-Graphics-Commons,https://github.com/apache/xmlgraphics-commons.git
XMLBeans,https://github.com/apache/xmlbeans.git
Yetus,https://github.com/apache/yetus.git
Zeppelin,https://github.com/apache/zeppelin.git
ZooKeeper,https://github.com/apache/zookeeper.git
NiFi,https://github.com/apache/nifi.git