project,java_files,classes,methods,total_loc,java_loc
.NET_Ant_Library,22,38,488,16444,6637
Accumulo,2344,6409,42318,1742004,634886
Airavata,929,1353,9346,1980819,128733
Ant,1333,3065,19523,1131314,287941
AntUnit,37,61,477,17590,5368
Any23,439,625,3816,461120,54127
Apex,474,1330,6121,269418,107595
Arrow,0,0,0,3324011,0
Axiom,2045,2291,9542,442548,149125
Axis2,2959,5165,30205,1430223,498539
BVal,322,792,2230,77332,37577
Bigtop,183,208,739,878710,13893
Brooklyn,0,0,0,13013,0
Calcite,2550,5511,45050,1788961,687365
CarbonData,1142,1634,14438,1324669,213117
Chainsaw,189,381,2555,77293,43808
Chemistry,0,0,0,34220,0
Chukwa,469,670,3164,759458,64821
Clerezza,246,346,1914,283926,26758
Click,461,1041,5865,1197062,113085
Cocoon,2811,4465,26964,3960344,487610
Commons-BCEL,654,1779,6868,282101,89162
Commons-BSF,78,261,756,98916,11383
Commons-BeanUtils,293,732,4088,148820,54437
Commons-CLI,87,150,1167,71313,20090
Commons-CSV,54,78,1061,628173,16588
Commons-Chain,153,228,1415,46043,18956
Commons-Codec,161,299,2945,128249,46342
Commons-Collections,659,1371,8780,371519,140048
Commons-Crypto,103,192,1083,56222,15000
Commons-DBCP,147,255,4487,136388,49970
Commons-Daemon,19,47,190,60592,3582
Commons-Digester,316,679,2495,116671,40819
Commons-Email,113,150,1498,69235,20855
Commons-Exec,69,87,473,56446,8799
Commons-FileUpload,95,141,1079,63349,15156
Commons-Functor,396,501,2769,94656,43063
Commons-Geometry,482,935,8058,240115,135362
Commons-Imaging,626,822,4446,817130,71430
Commons-JCI,78,132,553,36059,7676
Commons-JCS,576,762,4403,378657,99192
Commons-JEXL,223,949,4719,162851,64353
Commons-JXPath,248,397,2856,87274,38561
Commons-Jelly,595,877,4577,176435,62740
Commons-Lang,526,2223,11872,484169,189295
Commons-Logging,81,801,921,54269,14139
Commons-Math,1087,1875,13944,589857,242767
Commons-Net,314,562,3722,175302,57638
Commons-Numbers,273,631,6596,430858,113968
Commons-OGNL,305,482,1810,63756,34229
Commons-Pool,125,355,1771,121639,30709
Commons-Proxy,104,256,618,28722,10560
Commons-RDF,167,227,1524,64590,20047
Commons-RNG,424,1063,6021,1310776,98725
Commons-SCXML,185,292,1842,88780,27641
Commons-Statistics,347,1062,5202,178467,85042
Commons-VFS,590,765,5182,225811,78260
Commons-Validator,163,281,2068,139911,35337
Commons-Weaver,115,192,599,34929,10627
Compress-Ant-Library,104,128,723,39875,9858
Cordova,0,0,0,59797,0
Curator,708,864,5544,205623,90335
Daffodil,107,155,402,1949104,8768
DataFu,261,384,2680,315051,44919
DeltaSpike,1713,2374,7429,275776,139400
Derby,2864,6751,68084,2540162,1240108
DirectMemory,169,179,1279,86280,20515
Directory,1512,2173,16674,907688,377894
Directory-Server,1273,1662,14508,1761251,318670
Directory-Studio,1853,3257,18849,5625360,398105
Doris,6097,8384,75547,17517094,1080149
Drill,4687,9399,63594,2106259,950572
Dubbo,4014,5412,32369,1076503,474116
Empire-db,466,1129,9243,275680,109035
Etch,422,742,6936,385201,95824
FOP,2087,4072,25771,4555749,382850
Felix,0,0,0,861432,0
Fluo,293,502,2793,97785,42659
Fluo-Recipes,96,192,750,22593,11887
Fluo-YARN,3,4,30,3402,399
Forrest,252,323,1850,4442668,32491
Fortress,334,977,4761,290822,126707
FreeMarker,912,2044,11469,434023,152158
FtpServer,333,364,2626,112324,42024
Geronimo,3516,4837,31355,2186709,426910
Gora,657,1015,5602,219604,88058
Groovy,1806,4703,25524,2843304,358534
Guacamole,841,1020,6254,507722,112519
Hama,427,877,5081,576826,76157
Harmony,7607,17829,120134,3062851,1791815
Ivy,667,963,8922,546994,119722
IvyDE,210,256,1746,175759,25925
JAMES,6056,8622,53340,2861035,757002
JDO,1080,2465,9646,1223230,223788
JMeter,1395,2348,15833,1758284,245433
Karaf,1630,2073,12403,973690,195444
Kerby,951,1235,7233,484968,97974
Knox,1685,2256,14235,767957,231444
Lenya,667,806,5785,1494679,86413
Lingo,1860,2488,16408,840058,282861
Log4j,2563,4524,21992,1693306,344976
Lucene-Core,5948,9876,81108,7660138,1326911
MRUnit,79,174,1193,29765,16609
Mahout,0,0,0,663255,0
Marmotta,1544,2029,13666,755908,234344
Maven-Doxia,155,361,2664,148183,39163
MetaModel,813,910,7158,216435,99991
NetBeans,39141,89658,532283,26593913,7941930
Nutch,605,825,4991,1241938,96927
ODE,1237,1772,11469,612861,152387
OFBiz,1149,2205,19300,7240057,368106
Oltu-Parent,247,267,1317,51094,21875
OpenJPA,4754,7350,54431,1278552,749842
OpenNLP,1174,1615,7561,551244,146241
OpenWebBeans,1564,2381,8153,393681,140545
PDFBox,1281,1924,15178,1727481,272291
POI,3753,5417,50596,4982056,718233
Parquet,874,2114,14341,355095,193550
Pivot,934,2044,14329,611412,176879
Polygene,2795,5016,14436,684805,264333
Portals,1634,2110,14491,732592,335259
Props-Ant-Library,23,27,86,4731,1652
Qpid,3071,4003,32959,1917576,536163
Rat,320,476,2599,331956,43654
SSHD,1408,1773,14810,458649,221876
Santuario,598,862,6808,516329,124335
ServiceMix,129,144,573,85828,8029
Shindig,1019,1675,11204,493998,167224
Sling,0,0,0,8482,0
Spatial-Information-System,3428,8562,49996,1693551,861293
Stanbol,1661,2360,16583,1389214,274209
Stratos,1438,1679,13017,1693800,189727
Synapse,1297,1739,10721,935628,178455
Tajo,1860,3057,22833,741272,334911
Tapestry,3408,5292,17366,1256345,328280
Tentacles,32,33,211,38521,2608
Thrift,293,513,3278,827438,43076
Tiles,291,335,1530,186869,33931
Tobago,897,1020,5473,1471190,89442
Tomcat,2748,6448,40678,2656480,623042
Turbine,434,857,3326,456593,69273
UIMA,2175,4619,27403,1500592,496408
Unomi,725,896,5559,519497,83447
VSS-Ant-Library,19,26,168,5365,2388
VXQuery,756,832,5741,240511,73386
Velocity,401,840,3704,303941,66764
Velocity-Tools,142,346,3143,174055,44699
Vysper,781,913,5987,333749,82873
Whisker,104,105,818,83937,10656
Wink,1372,2551,13037,371789,210167
Wookie,295,396,3174,953426,48537
XML-Graphics-Commons,412,708,4157,174164,68684
XMLBeans,1287,1773,12864,955133,219650
Xalan,958,2979,15665,902868,347811
Xerces,833,1998,15784,735849,260506
Yetus,14,23,69,141680,1123
activemq,4401,5350,50579,1637096,712145
ambari,3336,5001,37170,6558364,691579
apex-core,474,1330,6121,268338,107595
archiva,1023,1213,11749,1024788,190811
aries,1795,2797,15139,896801,229813
avro,780,1985,10095,1042994,150436
beam,6644,15656,76892,11431929,1294357
bookkeeper,2368,3518,24211,1745818,424137
cTAKES,1781,2897,14530,1905147,289931
camel,23553,33598,239256,14592055,3262525
cassandra,5942,11861,93136,5576270,1301995
causeway,4566,7030,28935,4971390,454823
cayenne,3904,5149,32051,988945,467166
cloudstack,7655,9237,98677,7738797,1330151
commons-compress,655,1118,8784,1422370,132017
commons-configuration,474,1640,7970,318087,107223
commons-dbutils,96,160,1321,43303,16509
commons-io,552,892,7900,264615,117157
commons-text,210,406,3238,107766,53272
continuum,711,776,8425,426269,141601
creadur-rat,320,476,2599,330161,43644
crunch,730,1203,5585,197287,88601
cxf,7563,10443,66412,2939311,1044871
datasketches,602,875,10097,474265,158667
directory-ldap-api,1516,2183,16575,899411,376092
druid,8906,13067,96897,8702860,1754806
eventmesh,1684,2049,9831,833754,161838
falcon,850,1218,11380,569254,176574
fineract,5539,7671,38386,1891513,727327
flink,14197,26734,144327,8504582,2461128
flume,565,1007,6338,511096,97824
geode,8580,14681,130191,4258176,2004152
giraph,1516,2531,11024,420451,180309
gobblin,3612,5866,27075,1775303,466586
hadoop,12560,23227,180280,11142306,2984573
hbase,5178,11109,85138,6047672,1287803
helix,1536,2416,15619,871113,297117
hive,8317,20822,161348,12845029,2306971
hop,4279,5576,52404,3910521,1017928
httpcomponents-client,919,1295,8465,368425,152116
httpcomponents-core,1012,1263,8749,349994,153261
hudi,3579,5402,39685,20806455,634403
iceberg,4784,7784,63950,2038639,1047642
ignite,10459,17728,128108,7415472,2300066
impala,1050,2024,24283,15087240,310319
inlong,5354,6557,37670,2003609,708440
iotdb,7022,8719,87251,4490522,1461634
jackrabbit,2937,4341,38628,1240401,589746
james-project,6056,8622,53336,2842318,756924
jclouds,5878,8541,49614,1514847,656726
jena,6809,11510,91028,5855611,1101351
jspwiki,755,1119,6337,1231943,113847
kylin,3496,4388,34479,7662261,551112
lens,886,1297,9996,393501,165775
linkis,2111,2264,14800,1472038,195544
logging-log4j2,2562,4523,21973,1681975,344754
manifoldcf,1374,3366,20288,2099544,345705
maven,3057,4438,21293,1429587,357465
mina,319,494,2911,200328,43411
mina-sshd,1408,1773,14810,454856,221876
mina-vysper,781,913,5987,331824,82873
myfaces,1887,2962,19660,1063678,327737
nifi,8172,10282,78797,4532593,1217995
ofbiz-framework,1149,2205,19300,7236296,368099
olingo-odata4,1860,2488,16408,835426,282861
oodt,1306,1906,11001,3132475,186018
oozie,1394,2107,18462,627189,283344
openmeetings,827,1005,7660,961682,111412
orc,409,797,6007,908034,101198
ozone,4221,6114,45082,2178927,809957
parquet-mr,874,2112,14338,351009,193425
phoenix,2418,3501,38698,1530966,610364
pig,1791,3421,25579,1466018,401355
pinot,5012,7682,63502,7208661,977070
plc4x,5169,8614,64641,4749890,911543
pulsar,4436,6940,49156,3285692,927601
qpid-broker-j,3071,4003,32959,1909919,536163
ranger,1806,2950,24567,2130145,465298
reef,2233,3280,10339,724904,182676
roller,623,724,6579,2433622,98050
seatunnel,3979,4630,29388,1309534,539797
shiro,857,1350,6136,391381,95127
skywalking,2151,2705,10324,1838960,199342
solr,4299,7108,57803,7702371,970303
spark,1224,2093,11485,8364634,173555
sqoop,719,1212,8398,320168,131017
storm,2014,4456,28572,2036312,397146
struts,2217,3473,23743,1116725,298185
submarine,411,763,5685,647496,110089
syncope,3249,3777,23212,1327215,394497
tez,1193,2395,15684,1015885,278554
tika,1660,2525,16596,6645495,263636
tomee,6261,11401,58892,2326260,835864
tsfile,769,1090,9420,488538,134531
turbine-core,434,857,3326,455267,69273
whirr,275,329,1772,133866,29273
wicket,3318,5364,24423,1828487,429271
ws-axiom,2045,2291,9542,437456,149125
xmlgraphics-commons,412,708,4157,172965,68684
xmlgraphics-fop,2087,4072,25765,4541574,382912
zeppelin,834,1980,14566,1718654,205129
zookeeper,958,1753,11881,1564700,191857
